"rank","seller_id","seller_order_count","valid_delivery_count","late_delivery_count","completed_order_count","canceled_or_unavailable_count","late_delivery_rate","canceled_or_unavailable_rate","median_delivery_delay_days","median_seller_freight_value","total_item_value","priority_score"
1,"821fb029fc6e495ca4f08a35d51e53a5",28,24,9,24,1,0.375,0.0357142857142857,0,55.25,19187.42,0.517947306799947
2,"ede0c03645598cdfc63ca8237acbe73d",46,43,15,43,1,0.348837209302326,0.0217391304347826,0,13.095,2518.37,0.464277744381713
3,"ad781527c93d00d89a11eecd9dcad7c1",44,38,12,38,1,0.315789473684211,0.0227272727272727,0,56.61,6899.57,0.430535641639151
4,"835f0f7810c76831d6c7d24c7a646d4d",44,42,13,42,1,0.30952380952381,0.0227272727272727,0,17.74,5130,0.423852266534723
5,"f76a3b1349b6df1ee875d1f3fa4340f0",24,24,9,24,0,0.375,0,0,22.995,4160.79,0.40583626915695
6,"66e0557ecc2b4dbea057e93f215f68d8",31,30,8,30,1,0.266666666666667,0.032258064516129,0,16.82,12480,0.395318250251442
7,"2a1348e9addc1af5aaa619b1a3679d6b",52,48,13,48,1,0.270833333333333,0.0192307692307692,0,14.52,2843,0.377570212204611
8,"54965bbe3e4f07ae045b90b0b8541f52",78,73,22,73,0,0.301369863013699,0,0,26.83,10961.3,0.365811466036015
9,"bc47d5d1490df2b36add65d733eafaba",24,21,2,21,2,0.0952380952380952,0.0833333333333333,0,15.27,1004.8,0.357423570744251
10,"06a2c3af7b3aee5d69171b0e14f0ee87",392,389,90,389,0,0.231362467866324,0,0,27.51,36408.95,0.34484098433815
11,"b17b679f4f5ce2e03ce6968c62648246",55,50,9,50,2,0.18,0.0363636363636364,0,16.05,4084.75,0.333922984287895
12,"a49928bcdf77c55c6d6e05e09a9b4ca5",98,96,25,96,0,0.260416666666667,0,0,16.81,8816.7,0.329682154292052
13,"23d7c96d4a1160db1c726b248601b25a",53,50,6,50,3,0.12,0.0566037735849057,0,20.05,11766.94,0.329426032965751
14,"6973a06f484aacf400ece213dbf3d946",95,89,15,89,3,0.168539325842697,0.0315789473684211,0,15.34,11011.05,0.325386455391792
15,"054694fa03fe82cec4b7551487331d74",21,20,6,20,0,0.3,0,0,27.31,9983.1,0.321557201364865
16,"7f152321c60a266edc53af1925ef96c1",20,20,6,20,0,0.3,0,0,21.34,3919.8,0.32
17,"3fd1e727ba94cfe122d165e176ce7967",37,35,7,35,1,0.2,0.027027027027027,0,15.1,2805.2,0.314266506567678
18,"4e5725ba188db8252977a4f0227bd462",22,21,6,21,0,0.285714285714286,0,0,17.51,1930.59,0.307807075217091
19,"beadbee30901a7f61d031b6b686095ad",64,64,16,64,0,0.25,0,0,15.35,4373.98,0.304487527961741
20,"88460e8ebdecbfecb5f9601833981930",248,246,48,246,1,0.195121951219512,0.00403225806451613,0,15.27,31546.55,0.303005217303009
21,"ef990a83bbea832f36ebe81376335aa8",43,43,11,43,0,0.255813953488372,0,0,18.33,4642.59,0.297627683527805
22,"a416b6a846a11724393025641d4edd5e",162,157,20,157,5,0.127388535031847,0.0308641975308642,0,16.82,25670.72,0.297069122187854
23,"1ca7077d890b907f89be8c954a02686a",115,108,24,108,0,0.222222222222222,0,0,14.24,13341.57,0.294246016911479
24,"850913d59ce317156b00f3705f1c3edb",32,29,5,29,1,0.172413793103448,0.03125,0,11.06,2690,0.292787702362243
25,"e5a3438891c0bfdb9394643f95273d8e",224,216,40,216,1,0.185185185185185,0.00446428571428571,0,15.1,7738.35,0.290309430755422
26,"cac4c8e7b1ca6252d8f20b2fc1a2e4af",75,74,17,74,0,0.22972972972973,0,0,17.95,4168.18,0.288099402306984
27,"39d54ff918774174706fb065d7f9dc07",23,22,3,22,1,0.136363636363636,0.0434782608695652,0,15.2,1593.59,0.280359130233542
28,"712e6ed8aa4aa1fa65dab41fed5737e4",79,77,17,77,0,0.220779220779221,0,0,80.98,39815,0.28026917386863
29,"cd68562d3f44870c08922d380acae552",125,122,22,122,1,0.180327868852459,0.008,0,15.51,18569.7,0.276326712013674
30,"6039e27294dc75811c0d8a39069f52c0",64,63,14,63,0,0.222222222222222,0,0,27.715,13670.7,0.274857898332111
31,"8160255418d5aaa7dbdc9f4c64ebda44",385,380,63,380,0,0.165789473684211,0,0,17.85,47017.69,0.274294858091991
32,"4aba391bc3b88717ce08eb11e44937b2",29,27,4,27,1,0.148148148148148,0.0344827586206897,0,27.23,7595.87,0.273412230393902
33,"891071be6ba827b591264c90c2ae8a63",92,85,15,85,1,0.176470588235294,0.0108695652173913,0,14.52,4177.28,0.270655572808115
34,"c3867b4666c7d76867627c2f7fb22e21",245,228,27,228,5,0.118421052631579,0.0204081632653061,0,17.1,37153.4,0.269912893167219
35,"4a3ca9315b744ce9f8e9374361493884",1806,1772,195,1772,2,0.110045146726862,0.00110741971207087,0,16.245,200472.92,0.269826177114786
36,"d20b021d3efdf267a402c402a48ea64b",90,86,15,86,1,0.174418604651163,0.0111111111111111,0,15.1,4140.17,0.268463708191182
37,"1dfe5347016252a7884b694d4f10f5c4",21,20,5,20,0,0.25,0,0,16.19,1693.5,0.268223868031532
38,"ff69aa92bb6b1bf9b8b7a51c2ed9cf8b",20,20,5,20,0,0.25,0,0,88.235,21940.8,0.266666666666667
39,"bacb1f0ed56ad24198f5810d2b3fe9a5",42,38,1,38,3,0.0263157894736842,0.0714285714285714,0,18.345,6940.45,0.266345809828004
40,"d13e50eaa47b4cbe9eb81465865d8cfc",67,66,14,66,0,0.212121212121212,0,0,9.44,7155.05,0.265593839659761
41,"ea566164622c6b439516ab18062c42cd",50,50,11,50,0,0.22,0,0,14.925,10309.42,0.264368069975492
42,"71039d19d4303bf9054d69e9a9236699",35,35,8,35,0,0.228571428571429,0,0,15.1,3537.2,0.261851781000191
43,"4869f7a5dfa277a7dca6462dcf3b52b2",1132,1124,130,1124,1,0.115658362989324,0.00088339222614841,0,16.36,229472.63,0.259515991337586
44,"855668e0971d4dfd7bef1b6a4133b41b",312,300,42,300,2,0.14,0.00641025641025641,0,16.655,32208.16,0.258999604321784
45,"620c87c171fb2a6dd6e8bb4dec959fc6",740,722,72,722,8,0.0997229916897507,0.0108108108108108,0,16.95,114774.5,0.25808675410078
46,"1f50f920176fa81dab994f9023523100",1404,1399,148,1399,1,0.105789849892781,0.000712250712250712,0,17.67,106939.21,0.255678652613899
47,"75d34ebb1bd0bd7dde40dd507b8169c3",62,57,9,57,1,0.157894736842105,0.0161290322580645,0,21.29,15048.28,0.253582869534815
48,"2089a6d640999f9b9141ac719b2af596",44,41,6,41,1,0.146341463414634,0.0227272727272727,0,15.53,8830.82,0.249791097351603
49,"f5a590cf36251cf1162ea35bef76fe84",117,113,12,113,3,0.106194690265487,0.0256410256410256,0,23.33,53201.78,0.247978608601173
50,"e2aee0892199b1d92530e371abd825bf",38,36,5,36,1,0.138888888888889,0.0263157894736842,0,63.21,5662.57,0.247817106772458
51,"ea8482cd71df3c1969d7b9473ff13abc",1146,1132,118,1132,1,0.104240282685512,0.00087260034904014,0,15.1,37177.52,0.247715416881525
52,"f7ba60f8c3f99e7ee4042fdef03b70c4",219,218,34,218,0,0.155963302752294,0,0,17.02,68395,0.244994313963514
53,"99a54764c341d5dc80b4a8fac4eba3fb",45,44,9,44,0,0.204545454545455,0,0,18.95,3708.76,0.244429253745681
54,"7e1fb0a3ebfb01ffb3a7dae98bf3238d",159,155,20,155,2,0.129032258064516,0.0125786163522013,0,15.8,27349.53,0.243343861138224
55,"8444e55c1f13cd5c179851e5ca5ebd00",99,92,6,92,4,0.0652173913043478,0.0404040404040404,0,17.43,22873.21,0.243018137977727
56,"994f04b3718c2bab35c2adfa8afecd2a",49,47,4,47,2,0.0851063829787234,0.0408163265306122,0,15.11,3445.7,0.242267655701434
57,"c60b801f2d52c7f7f91de00870882a75",41,39,8,39,0,0.205128205128205,0,0,16.57,12913.5,0.242005683912095
58,"e5e33c0d8e7e002f398f5dc4cbbb338f",28,26,3,26,1,0.115384615384615,0.0357142857142857,0,18.5,6698.7,0.24102422987687
59,"0bf0150d5b9d60d9cd2906003332f085",39,39,8,39,0,0.205128205128205,0,0,21.14,5774.6,0.240372492065537
60,"7d13fca15225358621be4086e1eb0964",565,558,68,558,0,0.121863799283154,0,0,14.68,113628.97,0.240253124162353
61,"2a261b5b644fa05f4f2700eb93544f2c",51,51,10,51,0,0.196078431372549,0,0,26.62,5355,0.239501727088952
62,"28f10b1c5e5abb9d4857745bede6147c",28,28,6,28,0,0.214285714285714,0,0,10.58,835,0.239375878228519
63,"8b321bb669392f5163d04c59e235e066",943,930,97,930,0,0.104301075268817,0,0,14.1,17535.69,0.238642471007676
64,"3d5d0dc7073a299e31fa718ce1bc00b6",23,21,2,21,1,0.0952380952380952,0.0434782608695652,0,18.23,790.7,0.236491886366298
65,"7c67e1448b00f6e969d365cea6b010ab",982,973,98,973,0,0.100719424460432,0,0,37.98,187923.89,0.236177161493307
66,"fffd5413c0700ac820c7069d66d98c89",60,57,8,57,1,0.140350877192982,0.0166666666666667,0,31.72,9062.3,0.235402429050469
67,"1025f0e2d44d7041d6cf58b6550e0bfa",915,910,92,910,0,0.101098901098901,0,0,28.2,138968.55,0.234218929303772
68,"4917cee8d902e13428c3ec4b1ca6f315",33,31,1,31,2,0.032258064516129,0.0606060606060606,0,31.65,5421.9,0.232355732257179
69,"2c9e548be18521d1c43cde1c582c6de8",126,124,20,124,0,0.161290322580645,0,0,16.18,6109.44,0.232284612331351
70,"f615fe7efbef0f4f08fd3086bc7a3e60",23,22,2,22,1,0.0909090909090909,0.0434782608695652,0,15.14,2359.27,0.231874281748694
71,"b2479f944e1b90cf8a5de1bbfde284d6",103,101,14,101,1,0.138613861386139,0.00970873786407767,0,17.6,4752.51,0.230534664471023
72,"6560211a19b47992c3666cc44a7e94c0",1854,1819,117,1819,7,0.0643210555250137,0.00377562028047465,0,14.44,123304.83,0.229935986734772
73,"602044f2c16190c2c6e45eb35c2e21cb",50,48,9,48,0,0.1875,0,0,16.32,3739.16,0.229701403308825
74,"f12ff17ad8bbf01ec5c33b17e506649b",29,28,3,28,1,0.107142857142857,0.0344827586206897,0,22.34,6241,0.229673253321592
75,"8f2ce03f928b567e3d56181ae20ae952",153,151,23,151,0,0.152317880794702,0,0,21.12,21712.9,0.229166600701608
76,"cc419e0650a3c5ba77189a1882b7556a",1706,1651,101,1651,9,0.0611750454270139,0.00527549824150059,0,14.52,104288.42,0.228296622618903
77,"6ec1a01e866584bb679eb9b098345919",31,30,6,30,0,0.2,0,0,17.62,4248.91,0.227432945591944
78,"a673821011d0cec28146ea42f5ab767f",129,125,14,125,2,0.112,0.0155038759689922,0,16.47,13863.69,0.227001420977393
79,"897060da8b9a21f655304d50fd935913",317,304,36,304,1,0.118421052631579,0.00315457413249211,0,15.33,23023.92,0.226745512732293
80,"dd7ddc04e1b6c2c614352b383efe2d36",122,121,19,121,0,0.15702479338843,0,0,17.93,9178.51,0.226663461736599
81,"1835b56ce799e6a4dc4eddc053f04066",423,417,49,417,0,0.117505995203837,0,0,16.16,33344.21,0.225935539166868
82,"fa1c13f2614d7b5c4749cbc52fecda94",585,578,59,578,1,0.102076124567474,0.00170940170940171,0,16.19,194042.03,0.225436877528195
83,"8e6d7754bc7e0f22c96d255ebda59eba",85,84,14,84,0,0.166666666666667,0,0,15.43,14497.27,0.224969962990147
84,"2eb70248d66e0e3ef83659f71b244378",202,187,26,187,0,0.13903743315508,0,0,15.44,42628.61,0.224248038178236
85,"b2ba3715d723d245138f291a6fe42594",337,324,29,324,4,0.0895061728395062,0.0118694362017804,0,15.17,51676.88,0.224089278176022
86,"77530e9772f57a62c906e1c21538ab82",320,312,36,312,1,0.115384615384615,0.003125,0,20.28,46610.4,0.223732234161062
87,"431af27f296bc6519d890aa5a05fdb11",117,116,18,116,0,0.155172413793103,0,0,16.14,13109.5,0.22329843677422
88,"440dd6ab244315c632130ecfb63827b1",94,91,12,91,1,0.131868131868132,0.0106382978723404,0,18.315,13696.9,0.223098052541809
89,"955fee9216a65b617aa5c0531780ce60",1287,1261,98,1261,1,0.077716098334655,0.000777000777000777,0,16.12,135171.7,0.223017132824909
90,"7aa4334be125fcdd2ba64b3180029f14",217,214,29,214,0,0.135514018691589,0,0,17.65,16234.81,0.222876045436127
91,"7040e82f899a04d1b434b795a43b4617",212,208,20,208,3,0.0961538461538462,0.0141509433962264,0,15.1,9738.2,0.222568002615119
92,"002100f778ceb8431b7a1020ff7ab48f",51,50,9,50,0,0.18,0,0,15.1,1234.5,0.222351400291566
93,"8581055ce74af1daba164fdbd55a40de",387,379,38,380,2,0.100263852242744,0.00516795865633075,0,22,64925.3,0.220077729419083
94,"da8622b14eb17ae2831f4ac5b9dab84a",1314,1311,100,1311,0,0.07627765064836,0,0,16.225,160236.57,0.21984623487107
95,"7ad32824caee82087b3e2e5f33b1bf32",151,147,21,147,0,0.142857142857143,0,0,19.32,22505.1,0.218637574751568
96,"391fc6631aebcf3004804e51b40bcf1e",526,521,54,521,0,0.103646833013436,0,0,15.38,39951.95,0.218431881254802
97,"adbc26658d6c7b4b6219f9d934598091",88,88,14,88,0,0.159090909090909,0,0,19.11,11806.4,0.218036940250599
98,"a17f621c590ea0fab3d5d883e1630ec6",65,63,5,63,2,0.0793650793650794,0.0307692307692308,0,15.1,2778.58,0.215295698457685
99,"5b8154610ebb21fb90eb587365e673df",38,37,4,37,1,0.108108108108108,0.0263157894736842,0,22.895,9397.54,0.214984273939625
100,"e0878efa0e0b7e5313ac0b43bc04c081",27,26,5,26,0,0.192307692307692,0,0,16.79,5065.3,0.214758015216515
101,"4e922959ae960d389249c378d1c939f5",420,412,44,412,0,0.106796116504854,0,0,15.22,46030.37,0.214273983820049
102,"ba143b05f0110f0dc71ad71b4466ce92",85,83,13,83,0,0.156626506024096,0,0,13.06,6110.58,0.214260458304739
103,"16090f2ca825584b5a147ab24aa30c86",402,398,43,398,0,0.108040201005025,0,0,12.855,25716.44,0.214138327340262
104,"0cbcee27c791afa0cdcb08587a2013a8",39,37,4,37,1,0.108108108108108,0.0256410256410256,0,18.38,5324.15,0.21380746550051
105,"1a932caad4f9d804097d7f8e615baed1",20,20,4,20,0,0.2,0,0,27.89,4661,0.213333333333333
106,"f918546be4bec7104d117789ba758b2b",20,20,4,20,0,0.2,0,0,11.545,1483,0.213333333333333
107,"45d33f715e24d15a6ccf5c17b3a23e3c",59,56,4,56,2,0.0714285714285714,0.0338983050847458,0,12.97,4838.23,0.213026919727198
108,"bbad7e518d7af88a0897397ffdca1979",69,68,11,68,0,0.161764705882353,0,0,15.46,4462.22,0.212850555808336
109,"6a51fc556dab5f766ced6fbc860bc613",26,24,2,24,1,0.0833333333333333,0.0384615384615385,0,27.18,7577.67,0.212685951375862
110,"cfb1a033743668a192316f3c6d1d2671",147,143,17,143,1,0.118881118881119,0.00680272108843537,0,18.23,12803.64,0.212578625065023
111,"11bfa66332777660bd0640ee84d47006",76,76,12,76,0,0.157894736842105,0,0,15.745,3925.87,0.211912982043495
112,"c31eff8334d6b3047ed34bebd4d62c36",122,120,17,120,0,0.141666666666667,0,0,14.54,13191.5,0.210281459900051
113,"d93919c944be9cff128f6c9cb899eacb",33,33,6,33,0,0.181818181818182,0,0,26.88,2666.7,0.210068342227853
114,"1900267e848ceeba8fa32d80c1a5f5a8",411,406,42,406,0,0.103448275862069,0,0,16.11,24982.53,0.209979602399796
115,"e9bc59e7b60fc3063eb2290deda4cced",216,209,23,209,1,0.110047846889952,0.00462962962962963,0,16.8,34343.06,0.209447114969816
116,"8b28d096634035667e8263d57ba3368c",143,139,16,139,1,0.115107913669065,0.00699300699300699,0,15.16,9375.7,0.208207582967376
117,"0adac9fbd9a2b63cccaac4f8756c1ca8",110,106,7,106,3,0.0660377358490566,0.0272727272727273,0,16.11,15960.95,0.207992558295389
118,"70a12e78e608ac31179aea7f8422044b",315,312,34,312,0,0.108974358974359,0,0,15.21,30858.53,0.206994125278072
119,"8b9d6eec4a7eb7d0f9d579ce0b38324d",49,48,8,48,0,0.166666666666667,0,0,30.33,4232.54,0.206816312043404
120,"e99e927c81e3f51739c94fcdfca9f10f",22,21,4,21,0,0.19047619047619,0,0,21.22,2702.83,0.20621977362979
121,"3d871de0142ce09b7081e2b9d1733cb1",1080,1064,63,1064,4,0.0592105263157895,0.0037037037037037,0,17.8,94914.2,0.20619321940946
122,"218d46b86c1881d022bce9c68a7d4b15",388,382,36,382,1,0.0942408376963351,0.00257731958762887,0,16.435,55093.28,0.2059674250399
123,"634964b17796e64304cadf1ad3050fb7",268,265,27,265,1,0.10188679245283,0.00373134328358209,0,17.03,39465.1,0.205237771399735
124,"b499c00f28f4b7069ff6550af8c1348a",152,147,19,147,0,0.129251700680272,0,0,15.1,10327.13,0.204344604163491
125,"05f51e13da97139648b8125c31e5f51b",60,57,9,57,0,0.157894736842105,0,0,21.995,13769.01,0.204115879342867
126,"abe42c5d03695b4257b5c6cbf4e6784e",50,49,8,49,0,0.163265306122449,0,0,17.92,17159,0.203851063172771
127,"8d956fec2e4337affcb520f56fd8cbfd",211,210,22,210,1,0.104761904761905,0.004739336492891,0,15.1,11015.19,0.20335758706547
128,"2e90cb1677d35cfe24eef47d441b7c87",127,127,17,127,0,0.133858267716535,0,0,17.94,13894.71,0.203286294706934
129,"99eaacc9e6046db1c82b163c5f84869f",66,63,7,63,1,0.111111111111111,0.0151515151515152,0,14.81,13139.17,0.20280836025817
130,"7ddcbb64b5bc1ef36ca8c151f6ec77df",334,325,28,325,2,0.0861538461538462,0.00598802395209581,0,19.595,55578.57,0.202570795259688
131,"b33e7c55446eabf8fe1a42d037ac7d6d",152,149,19,149,0,0.12751677852349,0,0,16.09,44985.17,0.20249402052959
132,"d97df38225e5abadaff1e72cb72b823c",29,28,5,28,0,0.178571428571429,0,0,14.1,1846,0.202415453649999
133,"ec8879960bd2221d5c32f8e12f7da711",36,35,6,35,0,0.171428571428571,0,0,20.705,4062.4,0.201816547632981
134,"ce248b21cb2adc36282ede306b7660e5",65,64,7,64,1,0.109375,0.0153846153846154,0,19.35,15230.06,0.20115243431442
135,"0b35c634521043bf4b47e21547b99ab5",51,50,8,50,0,0.16,0,0,20.42,13533.65,0.201018066958233
136,"a6fe7de3d16f6149ffe280349a8535a0",51,50,8,50,0,0.16,0,0,12.86,2904.8,0.201018066958233
137,"dd55f1bb788714a40e7954c3be6df745",35,35,6,35,0,0.171428571428571,0,0,17.38,7041.76,0.20089940004781
138,"7a67c85e85bb2ce8582c35f2203ad736",1160,1145,68,1145,1,0.0593886462882096,0.000862068965517241,0,17.3,141745.53,0.200248176761462
139,"9c0e69c7bf2619675bbadf47b43f655a",157,151,16,151,1,0.105960264900662,0.00636942675159236,0,15.84,33702.78,0.199685106745563
140,"82e0a475a88cc9595229d8029273f045",42,41,4,41,1,0.0975609756097561,0.0238095238095238,0,26.69,10930.02,0.199483532182671
141,"c847e075301870dd144a116762eaff9a",42,41,4,41,1,0.0975609756097561,0.0238095238095238,0,20.84,15348.7,0.199483532182671
142,"b18dc380845b24038cfc48006478f099",44,43,7,43,0,0.162790697674419,0,0,16.28,8353.3,0.199155129046888
143,"17e34d8224d27a541263c4c64b11a56b",255,247,21,247,2,0.0850202429149798,0.00784313725490196,0,16.54,56363.24,0.197924078458656
144,"b561927807645834b59ef0d16ba55a24",85,85,12,85,0,0.141176470588235,0,0,15.23,4501.99,0.197780420506487
145,"82bd0703a4aefd6b599e5bfdaed378fb",21,20,1,20,1,0.05,0.0476190476190476,0,15.7,2692.28,0.197747677555342
146,"e9779976487b77c6d4ac45f75ec7afe9",657,645,47,645,1,0.0728682170542636,0.0015220700152207,0,13.71,43162.95,0.197598896322831
147,"900ba814c251a692506d7834c1218441",88,86,12,86,0,0.13953488372093,0,0,20.99,29099.69,0.197177179855954
148,"f3da5b2ff499efb8d4a6d371d175d7dd",79,77,11,77,0,0.142857142857143,0,0,13.73,3702.29,0.197152290751746
149,"323ce52b5b81df2cd804b017b7f09aa7",30,29,5,29,0,0.172413793103448,0,0,14.12,2554.2,0.196944908886263
150,"59b22a78efb79a4797979612b885db36",125,125,16,125,0,0.128,0,0,32.14,27184.5,0.196510318571051
151,"8e6cc767478edae941d9bd9eb778d77a",106,100,8,100,2,0.08,0.0188679245283019,0,18.105,6830.58,0.196442697873336
152,"c826c40d7b19f62a09e2d7c5e7295ee2",354,346,33,346,0,0.0953757225433526,0,0,15.56,45643.74,0.196384445000397
153,"7d76b645482be4a332374e8223836592",176,172,20,172,0,0.116279069767442,0,0,15.1,3843.93,0.195384658167214
154,"23613d49c3ac2bd302259e55c06c050c",70,69,10,69,0,0.144927536231884,0,0,20.635,4293,0.195365721713971
155,"46dc3b2cc0980fb8ec44634e21d2718e",521,503,33,503,3,0.0656063618290258,0.00575815738963532,0,18,128111.19,0.194810746477051
156,"0dd184061fb0eaa7ca37932c68ab91c5",161,161,19,161,0,0.118012422360248,0,0,24.86,18446.92,0.194269349524341
157,"3078096983cf766a32a06257648502d1",59,56,3,56,2,0.0535714285714286,0.0338983050847458,0,17.76,8285.42,0.193979300679579
158,"de23c3b98a88888289c6f5cc1209054a",164,161,16,161,1,0.0993788819875776,0.00609756097560976,0,15.945,26399.67,0.19330047131967
159,"f84fa566034f5e8e880a07ec624c56af",91,89,12,89,0,0.134831460674157,0,0,12.79,5093.79,0.193269925391639
160,"a888faf2d1baececa6baf9c3d603ee1f",54,53,8,53,0,0.150943396226415,0,0,18.18,17765.8,0.193235216785225
161,"3c03b12bab54d8b37d79d914bfdb1aa0",37,37,6,37,0,0.162162162162162,0,0,15.47,4236.34,0.192825065126236
162,"0be8ff43f22e456b4e0371b2245e4d01",161,156,10,156,3,0.0641025641025641,0.0186335403726708,0,15.1,11805.5,0.192666121834157
163,"ef506c96320abeedfb894c34db06f478",324,316,27,316,1,0.0854430379746835,0.00308641975308642,0,15.1,9771.43,0.192093352281522
164,"4c2b230173bb36f9b240f2b8ac11786e",261,258,26,258,0,0.10077519379845,0,0,14.1,14592.27,0.191975436978718
165,"a1043bafd471dff536d0c462352beb48",718,702,40,702,3,0.056980056980057,0.00417827298050139,0,44.43,101901.16,0.191587801321269
166,"f262cbc1c910c83959f849465454ddd3",192,189,18,189,1,0.0952380952380952,0.00520833333333333,0,11.85,10482.83,0.191462789307459
167,"1127b7f2594683f2510f1c2c834a486b",114,110,3,110,4,0.0272727272727273,0.0350877192982456,0,15.1,6851.33,0.191273228661692
168,"5343d0649eca2a983820bfe93fc4d17e",71,70,7,70,1,0.1,0.0140845070422535,0,27.4,10000.64,0.19016471009277
169,"e7df4cd29ab5abab70fb0783ddb53987",23,23,4,23,0,0.173913043478261,0,0,15.17,9608.7,0.189977048547113
170,"ff1fb4c404b2efe68b03350a8dc24122",46,46,7,46,0,0.152173913043478,0,0,17.145,6771,0.189286170401261
171,"432c37c9dfba871172ec162e20118b8c",46,44,4,44,1,0.0909090909090909,0.0217391304347826,0,16.88,2968.87,0.189154418095596
172,"7e93a43ef30c4f03f38b393420bc753a",336,319,18,319,4,0.0564263322884013,0.0119047619047619,0,17.4,176431.87,0.188810910349569
173,"37515688008a7a40ac93e3b2e4ab203f",228,227,23,227,0,0.101321585903084,0,0,12.79,5986.6,0.188051929544215
174,"070d165398b553f3b4b851c216b8a358",32,31,5,31,0,0.161290322580645,0,0,18.99,3393.16,0.18717266713792
175,"3f3486b61f45078d4f31ee5e43d8c5bb",40,39,6,39,0,0.153846153846154,0,0,18.445,3829.73,0.186498192762462
176,"f457c46070d02cadd8a68551231220dd",199,195,12,195,3,0.0615384615384615,0.0150753768844221,0,15.38,19093,0.18631022077727
177,"cee48807215b30a12ca2ca10ffb5f250",39,39,6,39,0,0.153846153846154,0,0,21.26,7212.23,0.185671637364682
178,"cca3071e3e9bb7d12640c9fbe2301306",712,699,41,699,1,0.0586552217453505,0.00140449438202247,0,16.12,64009.89,0.184772799656981
179,"b1fc4f64df5a0e8b6913ab38803c57a9",107,107,13,107,0,0.121495327102804,0,0,15.76,7994.74,0.184411992896033
180,"4a3ccda38b2129705f3fb522db62ca31",66,64,6,64,1,0.09375,0.0151515151515152,0,16.085,17062.59,0.184289841739651
181,"7ecd59e5e20407131822c1a68ac59c1f",24,24,4,24,0,0.166666666666667,0,0,18.28,1466.71,0.183614046934728
182,"2b1a40c1daabc6ca280c4b815c101841",23,22,1,22,1,0.0454545454545455,0.0434782608695652,0,58.22,12732.6,0.183389433263845
183,"fe2032dab1a61af8794248c8196565c9",294,293,26,293,0,0.0887372013651877,0,0,14.93,65959.61,0.183105936296627
184,"6fd52c528dcb38be2eea044946b811f8",67,67,9,67,0,0.134328358208955,0,0,14.2,7743.02,0.182614795486687
185,"522620dcb18a6b31cd7bdf73665113a9",174,172,18,172,0,0.104651162790698,0,0,21.92,57168.49,0.182601169289421
186,"7681ef142fd2c19048da7430856b5588",59,58,8,58,0,0.137931034482759,0,0,35.2,31941.81,0.182267965064094
187,"718539d38d07dd351c76db862760e2e2",37,35,0,35,2,0,0.0540540540540541,0,15.11,1318.9,0.182014254315426
188,"1eade46fba20122dc4aefb379f8c636b",58,58,8,58,0,0.137931034482759,0,0,15.285,3635.37,0.181705367067843
189,"834f8533b2ecb6598dd004ff3de7203a",43,41,6,41,0,0.146341463414634,0,0,16.94,4538.29,0.180857027449151
190,"d05ae8f7a5bd1d2a690a44cd079e4e27",78,77,7,77,1,0.0909090909090909,0.0128205128205128,0,15.51,13436,0.179781514252639
191,"f46490624488d3ff7ce78613913a7711",83,80,10,80,0,0.125,0,0,17.76,5802.85,0.179737863550685
192,"048c2757535328e0d7dac690ad3c0aae",51,50,7,50,0,0.14,0,0,20.64,9264.78,0.1796847336249
193,"92eb0f42c21942b6552362b9b114707d",341,334,27,334,0,0.0808383233532934,0,0,14.52,6548.63,0.179629077321528
194,"23c38debaffe4a25a30fdbd9b586a13f",41,41,6,41,0,0.146341463414634,0,0,18.77,5382.18,0.179299826084286
195,"50c9975695009e5e6473912e83a6d1da",50,50,7,50,0,0.14,0,0,49.065,3964.4,0.179034736642159
196,"4830e40640734fc1c52cd21127c341d4",210,204,14,204,2,0.0686274509803922,0.00952380952380952,0,14.51,9843.47,0.179009319972511
197,"7142540dd4c91e2237acb7e911c4eba2",319,316,26,316,0,0.0822784810126582,0,0,17.84,37373.56,0.178939581668315
198,"2138ccb85b11a4ec1e37afbd1c8eda1f",396,388,21,388,3,0.0541237113402062,0.00757575757575758,0,14.52,12357.03,0.178852561451427
199,"7e3f87d16fb353f408d467e74fbd8014",92,91,11,91,0,0.120879120879121,0,0,15.1,4754.99,0.178749311976023
200,"04308b1ee57b6625f47df1d56f00eedf",94,92,11,92,0,0.119565217391304,0,0,25.33,60130.6,0.178060050149505
201,"54a1852d1b8f10312c55e906355666ee",200,198,19,198,0,0.095959595959596,0,0,15.265,17226.44,0.17796691877105
202,"2d50d6282f8aa2257819a77bfaa0efe0",44,42,6,42,0,0.142857142857143,0,0,15.22,3353.48,0.177892670575127
203,"3b872fd4747f01cc56206f2934198618",25,25,4,25,0,0.16,0,0,36.85,2726.74,0.177815801849557
204,"0ffa40d54288e4f3499b8780dd0f144f",33,33,5,33,0,0.151515151515152,0,0,16.79,2162.8,0.177745109904621
205,"0ed6ce5d87fd9c69eaacaeb778d67235",43,42,6,42,0,0.142857142857143,0,0,15.24,2141.42,0.177140418854494
206,"18a349e75d307f4b4cc646a691ed4216",121,109,7,109,2,0.0642201834862385,0.0165289256198347,0,15.23,8711.53,0.176985397731456
207,"06579cb253ecd5a3a12a9e6eb6bf8f47",62,61,8,61,0,0.131147540983607,0,0,17.71,4727.2,0.176665430511556
208,"e9d99831abad74458942f21e16f33f92",130,130,14,130,0,0.107692307692308,0,0,14.1,4922.48,0.176151426690157
209,"729f06993dac8e860d4f02d7088ca48a",96,94,11,94,0,0.117021276595745,0,0,35.27,20485.08,0.176043909209273
210,"d2374cbcbb3ca4ab1086534108cc3ab7",524,514,30,514,1,0.0583657587548638,0.00190839694656489,0,15.1,21223.92,0.175729982619935
211,"d91fb3b7d041e83b64a00a3edfb37e4f",535,524,33,524,0,0.0629770992366412,0,0,16.04,40889.74,0.175617664130217
212,"3db66a856d18a9cba7c9241fc5221c50",94,94,11,94,0,0.117021276595745,0,0,16.25,9478.3,0.175346513300908
213,"f8db351d8c4c4c22c6835c19a46f01b0",667,659,34,659,1,0.0515933232169954,0.00149925037481259,0,15.1,50525.6,0.1753421106332
214,"128639473a139ac0f3e5f5ade55873a5",533,527,33,527,0,0.0626185958254269,0,0,15.1,11908.85,0.175110124671802
215,"5058e8c1e82653974541e83690655b4a",63,62,8,62,0,0.129032258064516,0,0,33.35,10022.82,0.174936285969437
216,"c70c1b0d8ca86052f45a432a38b73958",261,260,22,260,0,0.0846153846153846,0,0,13.43,36537.37,0.174738307183448
217,"53e4c6e0f4312d4d2107a8c9cddf45cd",473,463,25,463,2,0.0539956803455724,0.00422832980972516,0,16.6,30148.95,0.174607645856908
218,"e62b2d6ac10570a035a30bafcf01d263",62,62,8,62,0,0.129032258064516,0,0,14.125,5340.39,0.174409128731193
219,"41b39e28db005d9731d9d485a83b4c38",195,187,12,187,2,0.0641711229946524,0.0102564102564103,0,15.98,17112.55,0.17398523187423
220,"e96498ed8daaa3e9c23f7a62da76591c",34,34,5,34,0,0.147058823529412,0,0,19.015,9619.09,0.173962016189856
221,"8d79c8a04e42d722a75097ce5cbcf2ef",27,26,4,26,0,0.153846153846154,0,0,24.84,2777.72,0.173732374190874
222,"d1c281d3ae149232351cd8c8cc885f0d",215,214,19,214,0,0.088785046728972,0,0,20.77,26942.6,0.172723292272622
223,"3771c85bac139d2344864ede5d9341e3",26,26,4,26,0,0.153846153846154,0,0,13.895,1433.3,0.172515011204922
224,"406822777a0b9eb5c50e442dd4cd3ec5",45,44,6,44,0,0.136363636363636,0,0,17.74,3648.08,0.171701981018408
225,"903037660cf848a717166eb7a06d616e",45,44,6,44,0,0.136363636363636,0,0,16.54,7991.51,0.171701981018408
226,"dd2bdf855a9172734fbc3744021ae9b9",108,105,6,105,2,0.0571428571428571,0.0185185185185185,0,16.565,10816.7,0.171633430231026
227,"ceaec5548eefc6e23e6607c5435102e7",203,198,12,198,2,0.0606060606060606,0.00985221674876847,0,24.57,52917.18,0.170309048418947
228,"f84a00e60c73a49e7e851c9bdca3a5bb",90,88,10,88,0,0.113636363636364,0,0,16.315,5949.94,0.170295984442063
229,"643214e62b870443ccbe55ab29a4dccf",66,65,8,65,0,0.123076923076923,0,0,14.1,3270.13,0.170117347567157
230,"c9c7905cffc4ef9ff9f113554423e671",127,127,13,127,0,0.102362204724409,0,0,15.23,10657.18,0.169690494181999
231,"b14db04aa7881970e83ffa9426897925",83,78,9,78,0,0.115384615384615,0,0,20.56,5898.6,0.169481453294275
232,"34056b8b55c1775a22af2331670a799c",78,77,9,77,0,0.116883116883117,0,0,19.84,6455.4,0.169025603496728
233,"a3e9a2c700480d9bb01fba070ba80a0e",130,129,13,129,0,0.10077519379845,0,0,17.92,13440.8,0.168773171870042
234,"3df020b72d3d44b3af9d110fa3940b65",55,55,7,55,0,0.127272727272727,0,0,25.38,5039.9,0.168589650954561
235,"5dceca129747e92ff8ef7a997dc4f8ca",325,322,20,322,1,0.062111801242236,0.00307692307692308,0,34.93,112155.53,0.167281047892455
236,"4371b634e0efc0e22b09b52907d9d469",102,101,8,101,1,0.0792079207920792,0.00980392156862745,0,14.52,8194,0.167130458147004
237,"fa40cc5b934574b62717c68f3d678b6d",307,304,19,304,1,0.0625,0.00325732899022801,0,14.1,16055.87,0.166335113266619
238,"8648b1e89e9b349e32d3741b30ec737e",95,93,10,93,0,0.10752688172043,0,0,11.9,7442.55,0.165569672889445
239,"3ade81dab5a172b88e1871c28ae05260",30,28,4,28,0,0.142857142857143,0,0,46.945,5751.6,0.165417815290204
240,"972d0f9cf61b499a4812cf0bfa3ad3c4",83,81,9,81,0,0.111111111111111,0,0,23.24,8089.29,0.16492304873587
241,"f27e33c6d29b5138fa9967bcd445b6d5",93,93,10,93,0,0.10752688172043,0,0,14.73,8888.3,0.164864935432019
242,"4c498c7345e89aebad651544829beca0",48,47,6,47,0,0.127659574468085,0,0,12.92,4819.76,0.164532485792642
243,"57c764b4a836300be881e2ff86e449f9",29,28,4,28,0,0.142857142857143,0,0,15.1,1211,0.164320215554761
244,"751bdc4d83a466c7206cd42e8f426b03",54,51,1,51,2,0.0196078431372549,0.037037037037037,0,16.52,6648.93,0.164255071267899
245,"14d7985702e72162bbf13b6beb74ab2b",37,37,5,37,0,0.135135135135135,0,0,14.72,3887,0.163996236297408
246,"f08c008c8a8d31417763738a1788a2a8",22,20,3,20,0,0.15,0,0,14.1,1291.72,0.163045170455186
247,"6a8b085f816a1f75f92dbac6eb545f8f",127,125,12,125,0,0.096,0,0,15.1,6018.97,0.162904142475962
248,"cbd996ad3c1b7dc71fd0e5f5df9087e2",165,160,14,160,0,0.0875,0,0,14.52,8411.04,0.162539240121614
249,"aba1721a889e04decc910aa13b768ef4",83,83,9,83,0,0.108433734939759,0,0,15.01,14103.3,0.162067180819761
250,"4b9750c8ad28220fe6702d4ecb7c898f",218,217,17,217,0,0.0783410138248848,0,0,13.92,15915.3,0.162044705315477
251,"ececbfcff9804a2d6b40f589df8eef2b",98,97,10,97,0,0.103092783505155,0,0,18.27,6792.4,0.161870012253105
252,"76d5af76d0271110f9af36c92573f765",131,128,12,128,0,0.09375,0,0,21.88,33461.6,0.161534186602584
253,"7a241947449cc45dbfda4f9d0798d9d0",62,56,4,56,1,0.0714285714285714,0.0161290322580645,0,20.03,8027.63,0.161352293093712
254,"9b00ed88b7fdb95d6ff76e27c1b52d16",47,46,3,46,1,0.0652173913043478,0.0212765957446809,0,12.79,1627.88,0.161067071904324
255,"45ba18c210d42734ec52c0c1c574e9ee",38,35,2,35,1,0.0571428571428571,0.0263157894736842,0,21.97,5589.13,0.16062133957669
256,"2e1c9f22be269ef4643f826c9e650a52",167,161,11,161,1,0.0683229813664596,0.00598802395209581,0,14.1,12687.68,0.160448713973205
257,"dd533b429f380718b70ad9922c294bae",41,39,5,39,0,0.128205128205128,0,0,20.86,2819.77,0.159954401860813
258,"213b25e6f54661939f11710a6fddb871",155,152,13,152,0,0.0855263157894737,0,0,19.75,15379.5,0.158354190596047
259,"2a84855fd20af891be03bc5924d2b453",164,155,5,155,3,0.032258064516129,0.0182926829268293,0,16.805,15819.1,0.158290298537116
260,"165fc07beebdcb6190fba8a06db2a449",50,50,6,50,0,0.12,0,0,20.54,17481.4,0.157701403308825
261,"1da3aeb70d7989d1e6d9b0e887f97c23",265,261,15,261,1,0.0574712643678161,0.00377358490566038,0,14.1,8823.52,0.157612522018309
262,"38e679b9e0064cd94c6f035707344dae",28,27,1,27,1,0.037037037037037,0.0357142857142857,0,26.875,3694.51,0.157453479639454
263,"00ee68308b45bc5e2660cd833c3f81cc",135,135,12,135,0,0.0888888888888889,0,0,17.22,20260,0.157348293320626
264,"dc8798cbf453b7e0f98745e396cc5616",41,35,2,35,1,0.0571428571428571,0.024390243902439,0,11.85,2056.3,0.157325377768374
265,"0432ead42b6c8a0bdf68154add917fdf",85,82,3,82,2,0.0365853658536585,0.0235294117647059,0,14.31,7792.1,0.156804810750389
266,"e5a38146df062edaf55c38afa99e42dc",121,120,11,120,0,0.0916666666666667,0,0,15.38,15360.07,0.156674869597742
267,"9646c3513289980f17226a2fc4720dbd",71,69,2,69,2,0.0289855072463768,0.028169014084507,0,15.1,3039.3,0.156669438949
268,"004c9cd9d87a3c30c522c48c4fc07416",158,156,13,156,0,0.0833333333333333,0,0,17.89,19712.71,0.156652624641345
269,"cb3dd9ce66268c7a3ca7241ac70ab58c",50,48,3,48,1,0.0625,0.02,0,16.26,2879.76,0.156368069975492
270,"1554a68530182680ad5c8b042c3ab563",247,246,17,246,0,0.0691056910569106,0,0,22.73,29052.53,0.15635639536265
271,"b74d1c09cb380e1d03a6f859c6f4224b",31,30,4,30,0,0.133333333333333,0,0,19.59,2221.6,0.156321834480833
272,"dbc22125167c298ef99da25668e1011f",406,394,10,394,4,0.0253807106598985,0.00985221674876847,0,16.12,33776.78,0.155855462600327
273,"0d85bbda9889ce1f7e63778d24f346eb",51,51,6,51,0,0.117647058823529,0,0,25.26,4845.2,0.155841596369998
274,"527801b552d0077ffd170872eb49683b",90,90,9,90,0,0.1,0,0,17.74,17942.8,0.155750529896608
275,"9674754b5a0cb32b638cec001178f799",86,84,3,84,2,0.0357142857142857,0.0232558139534884,0,12.735,5069.92,0.155441849741836
276,"2156f2671501a81034d7d07f217609d0",22,21,3,21,0,0.142857142857143,0,0,16.22,2981.5,0.155426122836139
277,"1d8dbc4f32378d715c717c1c1fc57bae",92,91,9,91,0,0.0989010989010989,0,0,18.02,11315.89,0.155306088532799
278,"c8467937e403e76a8ee9f0ab13f6f5ef",30,30,4,30,0,0.133333333333333,0,0,16.79,1853.79,0.155259085131474
279,"e38db885400cd35c71dfd162f2c1dbcf",30,30,4,30,0,0.133333333333333,0,0,20.18,2066.8,0.155259085131474
280,"b6d44737c043328708f6749c2dbe50bd",62,61,4,61,1,0.0655737704918033,0.0161290322580645,0,18.195,5369.6,0.155107172094493
281,"056b4ada5bbc2c50cc7842547dda6b51",65,64,7,64,0,0.109375,0,0,17.35,12333.39,0.154998588160574
282,"827f8f69dfa529c561901c4f2e0f332f",91,91,9,91,0,0.0989010989010989,0,0,15.1,3408.39,0.154944206167044
283,"ccc4bbb5f32a6ab2b7066a4130f114e3",187,184,14,184,0,0.0760869565217391,0,0,22.85,74004.62,0.154531280328758
284,"f45122a9ab94eb4f3f8953578bc0c560",187,184,14,184,0,0.0760869565217391,0,0,15.63,22078.29,0.154531280328758
285,"4d6d651bd7684af3fffabd5f08d12e5a",369,363,17,363,1,0.046831955922865,0.002710027100271,0,18.73,43587.4,0.154119828723909
286,"aac29b1b99776be73c3049939652091d",98,94,9,94,0,0.0957446808510638,0,0,19.66,6755.91,0.154032036088742
287,"411f3b52d857390502ee4e4d5ceabc2d",21,21,3,21,0,0.142857142857143,0,0,16.32,1804.01,0.153938153745818
288,"6edacfd9f9074789dad6d62ba7950b9c",208,205,12,205,1,0.0585365853658537,0.00480769230769231,0,14.1,13147.1,0.153778577898867
289,"75fbb52eda0cbc24f479d3b2fbfa8d3e",40,38,2,38,1,0.0526315789473684,0.025,0,19.92,1130.99,0.153535979537091
290,"edb1ef5e36e0c8cd84eb3c9b003e486d",166,165,13,165,0,0.0787878787878788,0,0,19.21,79284.55,0.153447355233686
291,"7299e27ed73d2ad986de7f7c77d919fa",338,335,16,335,1,0.0477611940298507,0.0029585798816568,0,16.88,34725.43,0.152927620495656
292,"d673a59aac7a70d8b01e6902bf090a11",79,79,8,79,0,0.10126582278481,0,0,16.79,3908.94,0.152788216007925
293,"9f505651f4a6abe901a56cdc21508025",397,393,20,393,0,0.0508905852417303,0,0,14.52,26361.82,0.152760831729715
294,"ef0ace09169ac090589d85746e3e036f",129,128,11,128,0,0.0859375,0,0,15.72,16223.3,0.152689793070417
295,"95f83f51203c626648c875dd41874c7f",52,50,3,50,1,0.06,0.0192307692307692,0,26.11,3217.46,0.152681323315722
296,"d1b65fc7debc3361ea86b5f14c68d2e2",40,39,2,39,1,0.0512820512820513,0.025,0,22.295,11703.07,0.152096483360753
297,"5656537e588803a555b8eb41f07a944b",174,171,13,171,0,0.0760233918128655,0,0,17.115,8065.93,0.1520648802464
298,"1da366cade6d8276e7d8beea7af5d4bf",43,42,5,42,0,0.119047619047619,0,0,20.8,6917.59,0.151743593457668
299,"dc4a0fc896dc34b0d5bfec8438291c80",231,225,15,225,0,0.0666666666666667,0,0,16.59,24180.77,0.151522356094229
300,"f0b47fbbc6dee9aafe415a6e33051b3f",68,67,7,67,0,0.104477611940299,0,0,16.355,3795.91,0.15126267665388
301,"85d9eb9ddc5d00ca9336a2219c97bb13",509,499,18,499,1,0.0360721442885772,0.00196463654223969,0,15.23,15415.24,0.151148523172895
302,"d71d863e5ef30d94e440c11be17dcd8f",29,23,3,23,0,0.130434782608696,0,0,19.95,11900.9,0.151069697956417
303,"d9bd94811c3338dceb4181f3dbc0c73e",54,54,6,54,0,0.111111111111111,0,0,11.64,6911.02,0.150747445995567
304,"13d058e4eeac2ce8217660b2f8a05812",23,22,3,22,0,0.136363636363636,0,0,35.97,3829.77,0.149924347624846
305,"87142160b41353c4e5fca2360caf6f92",305,305,17,305,0,0.0557377049180328,0,0,18.36,31095.98,0.149131940459112
306,"e59aa562b9f8076dd550fcddf0e73491",70,69,7,69,0,0.101449275362319,0,0,26.445,31574.3,0.148988910119768
307,"f7ccf836d21b2fb1de37564105216cc1",70,69,7,69,0,0.101449275362319,0,0,13.85,2787.4,0.148988910119768
308,"fd386aa7bed2af3c7035c65506c9b4a3",69,69,7,69,0,0.101449275362319,0,0,15.23,2304.15,0.148514096586967
309,"7139dc5186aa238b006e066d8fbab2e4",22,22,3,22,0,0.136363636363636,0,0,22.98,1712,0.148499715909732
310,"7901646fdd36a55f564ffaf2dbccaaf7",22,22,3,22,0,0.136363636363636,0,0,22.285,11857.08,0.148499715909732
311,"7b1222c3624aa89b9558b50a2594188c",22,22,3,22,0,0.136363636363636,0,0,18.74,10103.52,0.148499715909732
312,"f62d7bb4a613ec758a03342d46b580b2",32,32,4,32,0,0.125,0,0,63.65,24665,0.148462989718565
313,"3c7c4a49ec3c6550809089c6a2ca9370",141,139,11,139,0,0.079136690647482,0,0,11.85,4033.64,0.148391084865951
314,"5f2684dab12e59f83bef73ae57724e45",68,67,4,67,1,0.0597014925373134,0.0147058823529412,0,16.065,9000.87,0.147619129682853
315,"5a8e7d5003a1f221f9e1d6e411de7c23",139,137,8,137,1,0.0583941605839416,0.00719424460431655,0,15.24,11171.9,0.14737363974499
316,"a2e874074c877c5a05abae80ad6e488f",44,40,2,40,1,0.05,0.0227272727272727,0,21.13,8071.98,0.147026869709326
317,"001cca7ae9ae17fb1caed9dfb1094831",200,195,13,195,0,0.0666666666666667,0,0,37.99,25080.03,0.146721127525259
318,"d3f39f05462b79a4562d35893a28f159",34,33,4,33,0,0.121212121212121,0,0,14.125,2411.3,0.146392200384746
319,"d5ba419e26d246a0719437cf37d9b46d",34,33,4,33,0,0.121212121212121,0,0,14.255,4061.4,0.146392200384746
320,"c003204e1ab016dfa150abc119207b24",197,195,13,195,0,0.0666666666666667,0,0,22.61,25108.09,0.146217752734061
321,"db2956745b3a8e9f3785c99f34b5d25e",47,45,5,45,0,0.111111111111111,0,0,19.21,8599,0.146190585797495
322,"17a053fcb14bd219540cbde0df490be0",125,124,10,124,0,0.0806451612903226,0,0,58.24,40703.14,0.145998490614062
323,"382229d1e840115ffe3dbf5ff460e417",46,45,5,45,0,0.111111111111111,0,0,17.645,4096.96,0.14548584834007
324,"98dac6635aee4995d501a3972e047414",91,89,8,89,0,0.0898876404494382,0,0,15.11,4235.85,0.145329850485272
325,"562fc2f2c2863ab7e79a9e4388a58a14",260,255,9,255,2,0.0352941176470588,0.00769230769230769,0,15.23,8814.2,0.145077871815627
326,"977f9f63dd360c2a32ece2f93ad6d306",24,23,3,23,0,0.130434782608696,0,0,41.905,2858.87,0.144966703939559
327,"a36b125ac6d5fdbc7f50de85c9157bdc",24,23,3,23,0,0.130434782608696,0,0,15.1,1843.64,0.144966703939559
328,"66922902710d126a0e7d26b0e3805106",151,150,11,150,0,0.0733333333333333,0,0,18.54,14362.3,0.144478844592838
329,"0241d4d5d36f10f80c644447315af0bd",238,238,14,238,0,0.0588235294117647,0,0,23.57,31397.7,0.144151391021554
330,"2ff97219cb8622eaf3cd89b7d9c09824",89,87,5,87,1,0.0574712643678161,0.0112359550561798,0,15.13,4476.9,0.143724530463727
331,"23a0ffca143a15b9b5bbdb7d552f626a",23,23,3,23,0,0.130434782608696,0,0,18.48,3718.51,0.14360023695291
332,"681fce914360217db47784ae28905a96",23,23,3,23,0,0.130434782608696,0,0,17.51,4127.33,0.14360023695291
333,"1336efc61c316ddf92c899eb817f7cae",74,74,7,74,0,0.0945945945945946,0,0,16.05,4837.31,0.143511890186893
334,"6860153b69cc696d5dcfe1cdaaafcf62",74,74,7,74,0,0.0945945945945946,0,0,18.23,3827.63,0.143511890186893
335,"cd06602b43d8800bd0afad514919d35c",44,43,2,43,1,0.0465116279069767,0.0227272727272727,0,14.52,2588.07,0.143305939476768
336,"25e6ffe976bd75618accfe16cefcbd0d",108,106,6,106,1,0.0566037735849057,0.00925925925925926,0,14.71,11691.61,0.143280629991434
337,"25c5c91f63607446a97b143d2d535d31",158,156,11,156,0,0.0705128205128205,0,0,34.945,54679.22,0.142977410966131
338,"48436dade18ac8b2bce089ec2a041202",138,134,10,134,0,0.0746268656716418,0,0,16.585,12271.71,0.142865834827355
339,"b335c59ab742f751a85db9c411a86739",33,30,1,30,1,0.0333333333333333,0.0303030303030303,0,17.67,2873.34,0.142593594753106
340,"5d0363b33554b373851fc1622e4d5f3c",94,93,8,93,0,0.0860215053763441,0,0,18.44,6610.79,0.142280090666881
341,"850f4f8af5ea87287ac68de36e29107f",187,186,12,186,0,0.0645161290322581,0,0,15.3,45355.36,0.142189064339978
342,"8a32e327fe2c1b3511609d81aaf9f042",132,126,4,126,2,0.0317460317460317,0.0151515151515152,0,14.52,6429.01,0.141103799517294
343,"53243585a1d6dc2643021fd1853d8905",358,348,15,348,0,0.0431034482758621,0,0,32.85,222776.05,0.141002412874279
344,"70c27847eca8195c983ed7e798c56743",77,77,7,77,0,0.0909090909090909,0,0,16.46,12077.52,0.14089355228163
345,"de722cd6dad950a92b7d4f82673f8833",339,337,15,337,0,0.0445103857566766,0,0,23.98,55426.1,0.140682949425116
346,"2528513dd95219a6013d4d05176e391a",161,160,8,160,1,0.05,0.0062111801242236,0,18.5,32689.1,0.14035630604608
347,"ce7d1888639e6fb06b2749cbfdac1ff7",78,78,7,78,0,0.0897435897435897,0,0,28.53,11793.89,0.140076774547899
348,"11305281b50fff20ae8bb473f8e11876",35,35,4,35,0,0.114285714285714,0,0,27.2,6528.7,0.139947019095429
349,"6fc26fe110feebd80a433e1f012a84f9",35,35,4,35,0,0.114285714285714,0,0,19.53,4150.87,0.139947019095429
350,"8e8a7ce9f2f970dc00e2acf6f6e199f6",65,63,6,63,0,0.0952380952380952,0,0,15.83,9101,0.139919223081209
351,"8f119a0aee85c0c8fc534629734e94fd",77,75,4,75,1,0.0533333333333333,0.012987012987013,0,14.52,3733.68,0.139773783161861
352,"3be634553519fb6536a03e1358e9fdc7",83,80,7,80,0,0.0875,0,0,17.67,5370.95,0.139737863550685
353,"afe0067131b73e40875c9b6c10bd2e21",46,45,2,45,1,0.0444444444444444,0.0217391304347826,0,21.31,5130.4,0.139592128533307
354,"e89c4adbe7b1d0819dbb636e16461cf1",24,24,3,24,0,0.125,0,0,20.6,3181.3,0.139169602490283
355,"f80edd2c5aaa505cc4b0a3b219abf4b8",119,116,6,116,1,0.0517241379310345,0.00840336134453781,0,19.05,9108.2,0.138726291217877
356,"688756f717c462a206ad854c5027a64a",83,81,7,81,0,0.0864197530864197,0,0,18.29,5966.54,0.1385856001762
357,"5160d23075764e18e07c1f4a87fad743",34,33,1,33,1,0.0303030303030303,0.0294117647058824,0,11.905,2429,0.137657797532697
358,"f181738b150df1f37cb0bd72e705b193",36,36,4,36,0,0.111111111111111,0,0,24.595,5529.7,0.137477923294356
359,"cce6ab8d1682639fe45ab70234f1665f",63,61,3,61,1,0.0491803278688525,0.0158730158730159,0,17.6,2522.7,0.137379941379777
360,"36a968b544695394e4e9d7572688598f",154,148,7,148,1,0.0472972972972973,0.00649350649350649,0,14.335,9482.87,0.136841824061081
361,"42b729f859728f5079499127a9c2ef37",104,103,8,103,0,0.0776699029126214,0,0,9.035,4118.86,0.136721887660989
362,"2709af9587499e95e803a6498a5a56e9",26,25,3,25,0,0.12,0,0,14.47,1279.56,0.136412447102358
363,"c8417879a15366a17c30af34c798c332",26,25,3,25,0,0.12,0,0,14.675,1767.9,0.136412447102358
364,"0176f73cc1195f367f7b32db1e5b3aa8",38,37,4,37,0,0.108108108108108,0,0,27.025,4733.1,0.136036905518572
365,"70eea00b476a314817cefde4aad4f89a",108,106,8,106,0,0.0754716981132075,0,0,21.89,31994.65,0.135628638377178
366,"318f287a62ab7ac10b703ac37435a231",52,51,5,51,0,0.0980392156862745,0,0,17.125,2517.48,0.135564179022107
367,"15aac934c58d886785ac1b17953ea898",25,25,3,25,0,0.12,0,0,17.63,4353.9,0.135149135182891
368,"198c7ea11960a9844b544d9bcdca860c",25,25,3,25,0,0.12,0,0,16.79,1733.75,0.135149135182891
369,"1dc2de47ee26a0a5b12dc14fd6dc0dea",25,25,3,25,0,0.12,0,0,20.88,1670.3,0.135149135182891
370,"edf96ef93ed595084bbcbd9224bd2894",25,25,3,25,0,0.12,0,0,18.13,3757,0.135149135182891
371,"42bde9fef835393bb8a8849cb6b7f245",35,34,1,34,1,0.0294117647058824,0.0285714285714286,0,17.83,7703,0.135129091924561
372,"916c9de0b5ad957346eeeb12f332687e",23,22,0,22,1,0,0.0434782608695652,0,18.07,5480.25,0.134904584778997
373,"a420f60ff1aa9acc80d0e42959f2b313",67,67,6,67,0,0.0895522388059701,0,0,15.3,7443.3,0.134853601456836
374,"a3a38f4affed601eb87a97788c949667",254,251,12,251,0,0.047808764940239,0,0,17.72,26533.32,0.13457141046594
375,"6d66611d7c44cc30ce351abc49a68421",166,164,10,164,0,0.0609756097560976,0,0,16.81,13593.4,0.134447601599786
376,"1c129092bf23f28a5930387c980c0dfc",201,200,11,200,0,0.055,0,0,15.11,9553.62,0.134442806463011
377,"bd0389da23d89b726abf911cccc54596",87,87,7,87,0,0.0804597701149425,0,0,17.13,7472.16,0.133785486371489
378,"9b013e03b2ab786505a1d3b5c0756754",174,170,10,170,0,0.0588235294117647,0,0,12.79,9027.4,0.133718360351892
379,"669ae81880e08f269a64487cfb287169",162,161,7,161,1,0.0434782608695652,0.00617283950617284,0,16.89,13248.87,0.133490755674013
380,"c9aafcd0621b2207c10e32c649cada4d",44,40,4,40,0,0.1,0,0,13.275,2997.25,0.132178384860842
381,"bd23da7354813347129d751591d1a6e2",89,86,4,86,1,0.0465116279069767,0.0112359550561798,0,13.86,10544.3,0.132034251572165
382,"0c8380b62e38e8a1e6adbeba7eb9688c",182,180,10,180,0,0.0555555555555556,0,0,18.385,17348.79,0.131728806099589
383,"640e21a7d01df7614a3b4923e990d40c",116,115,8,115,0,0.0695652173913043,0,0,19.36,7598.88,0.131699208883024
384,"06df0c10d34e459d9672bc77388742eb",26,26,3,26,0,0.115384615384615,0,0,17.875,9070,0.131489370179281
385,"77a515caa36327151d1cc6c32a9f00e1",26,26,3,26,0,0.115384615384615,0,0,15.46,2217.39,0.131489370179281
386,"e067ad2c1c0b48758eb1b5228bcf7a68",54,54,5,54,0,0.0925925925925926,0,0,15.35,5042.55,0.130994359575814
387,"e6a69c4a27dfdd98ffe5aa757ad744bc",24,21,0,21,1,0,0.0416666666666667,0,14.81,2076.2,0.13083626915695
388,"ca3bd7cd9f149df75950150d010fe4a2",71,68,3,68,1,0.0441176470588235,0.0140845070422535,0,22.93,9731.85,0.130556866955516
389,"7ea5bfa6c340f58f8e71fc1f0412b0d6",98,96,7,96,0,0.0729166666666667,0,0,15.67,11002.89,0.129682154292052
390,"59fb871bf6f4522a87ba567b42dafecf",126,123,8,123,0,0.0650406504065041,0,0,15.6,21708.57,0.1296182953456
391,"1a3df491d1c4f1589fc2b934ada68bf2",167,160,9,160,0,0.05625,0,0,21.54,23302.7,0.129606795326028
392,"6f892e20a171e98efe17fdb971ff319b",44,41,4,41,0,0.0975609756097561,0,0,16.53,6438.7,0.129576758844581
393,"7b07b3c7487f0ea825fc6df75abd658b",93,91,4,91,1,0.043956043956044,0.010752688172043,0,14.16,9731.85,0.129314106332803
394,"1ce3ae5a399804d1a87e706f8a813c3e",40,40,4,40,0,0.1,0,0,19.46,2563,0.129062295326565
395,"537eb890efff034a88679788b647c564",160,158,9,158,0,0.0569620253164557,0,0,15.11,4679.7,0.128941657281799
396,"7178f9f4dd81dcef02f62acdf8151e01",203,202,10,202,0,0.0495049504950495,0,0,17.01,37070.4,0.12891121405423
397,"17f51e7198701186712e53a39c564617",56,56,5,56,0,0.0892857142857143,0,0,151.745,48019,0.128662642411725
398,"1f1bb1f0859883505541bdd6606193e5",27,27,3,27,0,0.111111111111111,0,0,19.95,16040.84,0.128148328606828
399,"3b15288545f8928d3e65a8f949a28291",104,101,7,101,0,0.0693069306930693,0,0,18.16,14061.79,0.127801383960133
400,"813348c996469b40f2e028d5429d3495",179,172,9,172,0,0.0523255813953488,0,0,17.12,11205.83,0.127730201899899
401,"01fdefa7697d26ad920e9e0346d4bd1b",129,128,8,128,0,0.0625,0,0,17.98,14921.43,0.127689793070417
402,"79ebd9a61bac3eaf882805ed4ecfa12a",136,133,8,133,0,0.0601503759398496,0,0,23.47,15092.79,0.126939109856475
403,"1bb2bdb95f4841f1bba2c0d2cd83d3c9",81,79,6,79,0,0.0759493670886076,0,0,15.1,5002.71,0.126610551996422
404,"d1ef48b38baca7e831711c4a0aeb398f",29,28,3,28,0,0.107142857142857,0,0,21.53,1469.12,0.126224977459523
405,"c0563dd588b775f2e37747ef6ad6c92c",28,28,3,28,0,0.107142857142857,0,0,14.425,3697.2,0.125090163942805
406,"f4aba7c0bca51484c30ab7bdc34bcdd1",110,108,7,108,0,0.0648148148148148,0,0,14.11,3009.79,0.124869927374016
407,"86ccac0b835037332a596a33b6949ee1",180,178,6,178,1,0.0337078651685393,0.00555555555555556,0,17.79,16619.93,0.12472342210799
408,"d66c305afaec317ebee552073a674429",41,38,1,38,1,0.0263157894736842,0.024390243902439,0,17.43,4886.46,0.124443172254589
409,"1b4c3a6f53068f0b6944d2d005c9fc89",113,111,7,111,0,0.0630630630630631,0,0,22.66,14760.3,0.123894079549573
410,"951e8cef368f09bb3f3d03c00ca4702c",64,62,5,62,0,0.0806451612903226,0,0,16.045,4092.29,0.123842366671418
411,"272f092de69afedd4d2969440b37f18f",26,25,0,25,1,0,0.0384615384615385,0,16.595,1935.33,0.123797062486973
412,"aced59e9b31ef866a94f9e7f29d8d418",61,61,5,61,0,0.0819672131147541,0,0,15.1,7268.5,0.123670822006998
413,"6e386f64c84e482f0b9abf960797ee1b",30,29,3,29,0,0.103448275862069,0,0,19.585,12938.3,0.123381690495458
414,"c8b0e2b0a7095e5d8219575d5e7e1181",84,84,6,84,0,0.0714285714285714,0,0,17.835,12170.21,0.122991150591119
415,"715bbd5ba4e6b74cb0d2f29eb45058b0",62,62,5,62,0,0.0806451612903226,0,0,17.6,4043.3,0.122796225505386
416,"b4a476fbd28de64b1e347abf9089366a",33,30,3,30,0,0.1,0,0,16.86,5724.04,0.122795614955126
417,"02f623a8eb246f3c5f7c2f96462654e6",44,44,4,44,0,0.0909090909090909,0,0,15.29,6378,0.122481415163872
418,"238fac594e170b59c6d228f5a4f4f1d9",29,29,3,29,0,0.103448275862069,0,0,42.5,3126,0.122284090760015
419,"31da954dc0855f2495c6310f70a2f931",29,29,3,29,0,0.103448275862069,0,0,11.91,4583,0.122284090760015
420,"0509040ea3fe50071181bbc359eb7738",89,87,6,87,0,0.0689655172413793,0,0,14.22,3737.95,0.122277201693655
421,"4c18691b6037662be2df78a765d98ab5",63,63,5,63,0,0.0793650793650794,0,0,16.32,3195.52,0.121957962023371
422,"fcb5ace8bcc92f75707dc0f01a27d269",62,59,2,59,1,0.0338983050847458,0.0161290322580645,0,15.46,8318.63,0.121320008993631
423,"e8b4225284fbb02d16f200513f1f395d",31,30,3,30,0,0.1,0,0,37.38,5788.52,0.120766278925277
424,"9add47bf45ce8e8c7db6b9cf670b1e09",43,41,1,41,1,0.024390243902439,0.0232558139534884,0,23.8,4829.24,0.120543168496608
425,"2bf6a2c1e71bbd29a4ad64e6d3c3629f",30,30,3,30,0,0.1,0,0,28.38,50628.9,0.119703529575918
426,"b2ac621f0d0322434d04a12b078b9369",30,30,3,30,0,0.1,0,0,22.265,9575.5,0.119703529575918
427,"d6b1ce66b035a475f00c017792ff9769",92,92,6,92,0,0.0652173913043478,0,0,18.86,12277.4,0.119376800429598
428,"276677b5d08786d5dce7c2149dcce48b",33,31,3,31,0,0.0967741935483871,0,0,19.82,3522,0.119354754740072
429,"20cb7c2fde3e5bf10f0bbe7394e1c6a9",32,31,3,31,0,0.0967741935483871,0,0,18.23,861.9,0.118355462836845
430,"5c6d4016c2a288f074fa0848a2b653d2",32,31,3,31,0,0.0967741935483871,0,0,15.04,3159,0.118355462836845
431,"729b2d09b2a0bdab221076327f13d050",49,48,4,48,0,0.0833333333333333,0,0,15.1,1822.11,0.117927423154515
432,"e26901d5ab434ce92fd9b5c256820a4e",202,197,5,197,1,0.0253807106598985,0.00495049504950495,0,14.205,11990.9,0.117865685998557
433,"78c99c6dff4eeae5be99bf635ed21e3f",31,31,3,31,0,0.0967741935483871,0,0,17.6,2030.88,0.117325418710224
434,"cd6efc47efaabf134f8bdb654e10b4f1",31,31,3,31,0,0.0967741935483871,0,0,18.47,4158.55,0.117325418710224
435,"56642bcb79900e777d68e91915cb4267",48,48,4,48,0,0.0833333333333333,0,0,15.335,3657.64,0.117251161915573
436,"d50d79cb34e38265a8649c383dcffd48",70,70,5,70,0,0.0714285714285714,0,0,24.445,13012.42,0.116966825923771
437,"48162d548f5b1b11b9d29d1e01f75a61",68,66,2,66,1,0.0303030303030303,0.0147058823529412,0,21.025,20510.14,0.116260769966285
438,"a7f13822ceb966b076af67121f87b063",75,73,5,73,0,0.0684931506849315,0,0,33.54,12477.64,0.116113717992533
439,"73a63f72308aa20a46f4b1632018f196",29,27,0,27,1,0,0.0344827586206897,0,34.76,9606.8,0.115387539035878
440,"2745f798279e0ed033addcc1474776d7",32,32,3,32,0,0.09375,0,0,18.03,3668.53,0.115129656385232
441,"3340ef1913fb70d28420f6ceb685c339",32,32,3,32,0,0.09375,0,0,19.575,6731.15,0.115129656385232
442,"7b0df942f46435babab05d49b744b2c4",32,32,3,32,0,0.09375,0,0,19.035,22600.63,0.115129656385232
443,"701938c450705b8ae65fc923b70f35c7",75,74,5,74,0,0.0675675675675676,0,0,45.19,11983.28,0.115126429334012
444,"93dc87703c046b603023e75222018b45",35,33,3,33,0,0.0909090909090909,0,0,17.04,8517.35,0.115011954160364
445,"08633c14ef2db992c11f840f04fad4cd",74,74,5,74,0,0.0675675675675676,0,0,15.555,7644.3,0.114683061358064
446,"e24fc9fcd865784fb25705606fe3dfe7",52,51,4,51,0,0.0784313725490196,0,0,16.47,12936,0.114649146342368
447,"f214d28e8d8e3ef068748498ccc2f813",54,52,4,52,0,0.0769230769230769,0,0,14.1,2212.41,0.114280209528331
448,"bfd27a966d91cfaafdb25d076585f0da",117,114,6,114,0,0.0526315789473684,0,0,18.1,19921,0.113921546272103
449,"624f4ece8da4aafb77699233d480f8ef",53,52,4,52,0,0.0769230769230769,0,0,31.46,9205,0.113665994262316
450,"37be5a7c751166fbc5f8ccba4119e043",272,269,7,269,0,0.0260223048327138,0,0,22.27,55350.55,0.113615708513878
451,"c3cfdc648177fdbbbb35635a37472c53",278,278,7,278,0,0.0251798561151079,0,0,19.41,43048.18,0.113444816356784
452,"1caf283236cd69af44cbc09a0a1e7d32",33,33,3,33,0,0.0909090909090909,0,0,16.11,917.6,0.113098645258156
453,"26d8a1c7c75d513045798992ead43aa2",36,34,3,34,0,0.0882352941176471,0,0,17.61,8244.12,0.113077051834661
454,"2a7dc43cecabf23403078e2188437d1d",52,52,4,52,0,0.0769230769230769,0,0,15.145,4795.91,0.113040297674696
455,"7008613ea464bad5cb9b83456e1e6a8f",127,123,6,123,0,0.0487804878048781,0,0,17.92,7777,0.112536662801166
456,"6a0cbc8af2e8abd1bdfb777943d174c6",35,34,3,34,0,0.0882352941176471,0,0,21.23,3894.05,0.112159904249491
457,"1e8b33f18b4f7598d87f5cbee2282cc2",123,122,6,122,0,0.0491803278688525,0,0,18.33,17309.06,0.111900409520046
458,"710e3548e02bc1d2831dfc4f1b5b14d4",136,131,6,131,0,0.0458015267175573,0,0,20.73,23979.11,0.111633670686029
459,"5b179e9e8cc7ab6fd113a46ca584da81",34,34,3,34,0,0.0882352941176471,0,0,17.545,5173.5,0.111216918150641
460,"aafe36600ce604f205b86b5084d3d767",129,129,6,129,0,0.0465116279069767,0,0,16.71,9251.4,0.110635529504525
461,"d650b663c3b5f6fb392b6326366efa9a",60,57,4,57,0,0.0701754385964912,0,0,16.205,19242.9,0.110548627880879
462,"3ab971ce71839580d2ae5b4e40fe8044",36,35,3,35,0,0.0857142857142857,0,0,19.36,5002.9,0.110387976204409
463,"6b3bd31ad8fcda4b2635ec9f3ff2ecdf",36,35,3,35,0,0.0857142857142857,0,0,18.815,4198.9,0.110387976204409
464,"bf84056e679dbe9c69929847a40e338f",36,35,3,35,0,0.0857142857142857,0,0,12.81,2024.04,0.110387976204409
465,"e8f6dc8e6a1dcde89d20e3995c8d90b3",36,35,3,35,0,0.0857142857142857,0,0,15.615,2256.34,0.110387976204409
466,"4992e76a42cb3aad7a7047e0d3d7e729",57,56,4,56,0,0.0714285714285714,0,0,12.87,2211.1,0.110197190956242
467,"dbd66278cbfe1aa1000f90a217ca4695",85,85,5,85,0,0.0588235294117647,0,0,16.32,4928.9,0.109937283251585
468,"8a130737016f838139d31878787a39c9",56,56,4,56,0,0.0714285714285714,0,0,14.075,4222.03,0.109615023364106
469,"95e03ca3d4146e4011985981aeb959b9",175,172,6,172,0,0.0348837209302326,0,0,16.6,11009.96,0.108373299016474
470,"0b90b6df587eb83608a64ea8b390cf07",164,163,6,163,0,0.0368098159509202,0,0,17.05,28592.32,0.108267451287073
471,"6d803cb79cc31c41c4c789a75933b3c7",58,58,4,58,0,0.0689655172413793,0,0,18.355,8711.4,0.108142148677039
472,"dee656f0f566ed1aa85bd137c943f08f",93,92,5,92,0,0.0543478260869565,0,0,15.1,6271.98,0.108140609422981
473,"32b8764b4ef628b53608fc34011fcc13",36,36,3,36,0,0.0833333333333333,0,0,79.33,8884,0.107848293664727
474,"99002261c568a84cce14d43fcffb43ea",36,36,3,36,0,0.0833333333333333,0,0,27.315,4088,0.107848293664727
475,"058fd0aa2bfdb2274e05e1ae971dabb6",61,60,4,60,0,0.0666666666666667,0,0,12.92,7667.9,0.107350239129038
476,"8a432f4e5b471f8da497d7dc517666e2",95,95,5,95,0,0.0526315789473684,0,0,18.23,7555,0.107014683264846
477,"cfe94489ddd337d1e29e12f2a7205d10",20,20,2,20,0,0.1,0,0,15.115,2376,0.106666666666667
478,"d3674f271c91f824f82d24d92011f669",20,20,2,20,0,0.1,0,0,16.79,1718.3,0.106666666666667
479,"282f23a9769b2690c5dda22e316f9941",99,98,5,98,0,0.0510204081632653,0,0,16.63,6505.08,0.106662568081785
480,"daeb5653dd96c1b11860f72209795012",40,38,3,38,0,0.0789473684210526,0,0,15.23,2305.9,0.106606154975687
481,"116ccb1a1604bc88e4d234a8c23f33de",61,61,4,61,0,0.0655737704918033,0,0,14.44,2004.89,0.106184483209184
482,"4e17c65a516f69d023a2ae78b84f28d6",61,61,4,61,0,0.0655737704918033,0,0,15.66,7639.26,0.106184483209184
483,"4559697a8f7e637227c2eeaed843baff",42,39,3,39,0,0.0769230769230769,0,0,17.74,3696,0.106041202154975
484,"febab0275244b9a49a623f0bd613ca2f",109,106,5,106,0,0.0471698113207547,0,0,16.6,7272.42,0.10574565799453
485,"05d2173d43ea568aa0540eba70d2ca76",62,62,4,62,0,0.0645161290322581,0,0,18.51,5759.66,0.105591924430117
486,"5f1dc28029d2c244352a68107ec2b542",62,62,4,62,0,0.0645161290322581,0,0,14.315,2807.3,0.105591924430117
487,"00fc707aaaad2d31347cf883cd2dfe10",103,103,5,103,0,0.0485436893203883,0,0,16.98,12684.9,0.105333600675323
488,"5b925e1d006e9476d738aa200751b73b",63,63,4,63,0,0.0634920634920635,0,0,17.7,7748.5,0.105026745092154
489,"96493fab2fbb13a14d0c0e8772eef5c3",63,63,4,63,0,0.0634920634920635,0,0,17.78,18969,0.105026745092154
490,"8cbac7e12637ed9cffa18c7875207478",67,66,4,66,0,0.0606060606060606,0,0,19.32,2990.98,0.1039776780436
491,"e49c26c3edfa46d227d5121a6b6e4d37",35,34,0,34,1,0,0.0285714285714286,0,33.74,3654.25,0.103756542904953
492,"c33847515fa6305ce6feb1e818569f13",114,114,5,114,0,0.043859649122807,0,0,36.785,15519.85,0.10370278740704
493,"55a5b51f93f2b70ea513f5a047b0262a",39,39,3,39,0,0.0769230769230769,0,0,17.14,4002.3,0.1036203553134
494,"b94cc9f10ddc85e4ba73a6f7974e7101",39,39,3,39,0,0.0769230769230769,0,0,23.17,25346.1,0.1036203553134
495,"834f3294fba9f932f56edc879193f925",66,66,4,66,0,0.0606060606060606,0,0,64.74,39907.5,0.10348176093157
496,"080102cd0a76b09e0dcf55fcacc60e05",124,122,5,122,0,0.040983606557377,0,0,15.79,5716.78,0.103426107372345
497,"1c40343cc5d18c2d8248ac2f3366de34",21,21,2,21,0,0.0952380952380952,0,0,18.71,2461.41,0.103144502952167
498,"6b15924333bd1a741595fe981ea04822",21,21,2,21,0,0.0952380952380952,0,0,10.96,614.32,0.103144502952167
499,"a5a1bfcf728ab0e19182959cf0771ee4",21,21,2,21,0,0.0952380952380952,0,0,13.65,1812.96,0.103144502952167
500,"af4a0e4cfe1d9c26b6712b1be25a72e5",21,21,2,21,0,0.0952380952380952,0,0,21.54,8757.98,0.103144502952167
501,"f4db9b37944bcb8873e6b456ee190bbf",21,21,2,21,0,0.0952380952380952,0,0,21.68,3409.78,0.103144502952167
502,"cab85505710c7cb9b720bceb52b01cee",206,201,5,201,0,0.0248756218905473,0,0,14.1,11389.1,0.103128607396521
503,"e333046ce6517bd8bb510291d44f0130",68,68,4,68,0,0.0588235294117647,0,0,18.165,7268,0.102564988623444
504,"6c7d50c24b3ccd2fd83b44d8bb34e073",114,112,2,112,1,0.0178571428571429,0.0087719298245614,0,21.02,8699.34,0.102282570197349
505,"db4350fd57ae30082dec7acbaacc17f9",137,136,5,136,0,0.0367647058823529,0,0,15.1,3331.31,0.102237841967414
506,"44073f8b7e41514de3b7815dd0237f4f",144,142,5,142,0,0.0352112676056338,0,0,17.86,18729.64,0.102237126323959
507,"0db783cfcd3b73998abc6e10e59a102f",132,132,5,132,0,0.0378787878787879,0,0,14.86,9077.4,0.102190860604355
508,"b76dba6c951ab00dc4edf0a1aa88037e",159,157,5,157,0,0.0318471337579618,0,0,14.11,2574.78,0.101943879487963
509,"5cf13accae3222c70a9cac40818ae839",149,148,5,148,0,0.0337837837837838,0,0,18.23,14383.2,0.101849290430704
510,"1c68394e931a64f90ea236c5ea590300",142,142,5,142,0,0.0352112676056338,0,0,16.84,24832.75,0.101772205061182
511,"81a1104df0f08b59c68aa5b03cfe398e",73,72,4,72,0,0.0555555555555556,0,0,19.94,9420.88,0.101420929143773
512,"e8b3a3a38279a82f0e5d006d5e5b7d2c",87,80,4,80,0,0.05,0,0,16.46,13154.7,0.101295064915551
513,"43f8c9950d11ecd03a0304a49e010da6",41,41,3,41,0,0.0731707317073171,0,0,14.52,4249.59,0.101251045596481
514,"516e7738bd8f735ac19a010ee5450d8d",76,74,4,74,0,0.0540540540540541,0,0,18.185,6643.09,0.101149587069574
515,"5f3ae9136c875522250f8184f253413a",43,42,3,42,0,0.0714285714285714,0,0,15.23,1158,0.100949942664017
516,"12b9676b00f60f3b700e83af21824c0e",135,133,2,133,1,0.0150375939849624,0.00740740740740741,0,21.12,26774,0.10079580097866
517,"1f9ab4708f3056ede07124aad39a2554",78,76,4,76,0,0.0526315789473684,0,0,31.94,13602.73,0.100490629698597
518,"ad420dd0c4f92f8af951ac24b86d0cf5",42,42,3,42,0,0.0714285714285714,0,0,18.865,4705.29,0.10018039629417
519,"c013e57c075a06e5b5c48ee03c525719",42,42,3,42,0,0.0714285714285714,0,0,18.28,1971.55,0.10018039629417
520,"503c1de08ae81a2d86f17951b204db55",22,22,2,22,0,0.0909090909090909,0,0,18.74,4906.99,0.100014867424883
521,"55f7a3319d80f7fdf078b8f03e6725fe",22,22,2,22,0,0.0909090909090909,0,0,15.215,3013.78,0.100014867424883
522,"7f2617c58d5d06806987308b45654351",22,22,2,22,0,0.0909090909090909,0,0,14.8,3656.8,0.100014867424883
523,"fb89df7f89fd1b8f03fa2acca1ba7364",22,22,2,22,0,0.0909090909090909,0,0,18.405,2220,0.100014867424883
524,"670c26e0f1bf8d0576271d5cfaec6d2b",78,77,4,77,0,0.051948051948052,0,0,15.905,6341.6,0.099761534232659
525,"0ea22c1cfbdc755f86b9b54b39c16043",237,234,4,234,0,0.0170940170940171,0,0,15.13,10711.7,0.099499559677804
526,"4e7c18b98d84e05cbae3ff0ff03846c2",82,81,4,81,0,0.0493827160493827,0,0,29.74,9177.9,0.0986785387989465
527,"8cc6a0e5738e61a87b03c78b2ba9db4b",24,23,2,23,0,0.0869565217391304,0,0,21.095,13312.4,0.0985898923453556
528,"157c3e4b42f81ac4a44e8b1ca2fe9876",23,23,2,23,0,0.0869565217391304,0,0,18.2,2548.5,0.0972234253587068
529,"244c2f1bff6afe1f2eaf9bfe9b2aed38",23,23,2,23,0,0.0869565217391304,0,0,52.7,2580,0.0972234253587068
530,"fdb9095204a334cd8872252ffec6f2db",46,46,3,46,0,0.0652173913043478,0,0,16.835,8156,0.0965325472128557
531,"80e6699fe29150b372a0c8a1ebf7dcc8",98,96,4,96,0,0.0416666666666667,0,0,23.13,11441.56,0.0963488209587183
532,"0afccdb8a34ee5c79f7c06faf2b4d56e",25,24,2,24,0,0.0833333333333333,0,0,15.1,1225.5,0.0960380240717795
533,"9d4db00d65d7760644ac0c14edb5fd86",98,97,4,97,0,0.0412371134020619,0,0,13.655,9979.7,0.0958906308098065
534,"d94a40fd42351c259927028d163af842",101,100,4,100,0,0.04,0,0,26.92,13823.8,0.0955703350841679
535,"d98eec89afa3380e14463da2aabaea72",168,168,4,168,0,0.0238095238095238,0,0,15.955,6968.53,0.0952022788300236
536,"0df3984f9dfb3d49ac6366acbd3bbb85",87,86,1,86,1,0.0116279069767442,0.0114942528735632,0,15.41,10021.49,0.0948475909781007
537,"2e13c71026e1a39ba5cc1b86dcb679aa",24,24,2,24,0,0.0833333333333333,0,0,18.585,3793,0.0947251580458387
538,"b83cedfb587e7911540e3f576d6917ce",24,24,2,24,0,0.0833333333333333,0,0,13.97,2224.95,0.0947251580458387
539,"dbb9b48c841a0e39e21f98e1a6b2ec3e",108,108,4,108,0,0.037037037037037,0,0,14.1,7186.85,0.0946316665625961
540,"7722b1df1b0e383e000397b2c11e3e19",134,133,4,133,0,0.0300751879699248,0,0,12.93,7094.09,0.0943666388244702
541,"7202e2ba20579a9bd1acb29e61fe71f6",53,51,3,51,0,0.0588235294117647,0,0,18.89,12750.5,0.0943598102502493
542,"f7496d659ca9fdaf323c0aae84176632",26,25,2,25,0,0.08,0,0,27.73,5087.57,0.093745780435691
543,"09f952a5f58d2285b0372551ae8f9b01",50,50,3,50,0,0.06,0,0,20.59,11821.5,0.0937014033088253
544,"df560393f3a51e74553ab94004ba5c87",28,26,2,26,0,0.0769230769230769,0,0,18.13,3661.18,0.0928557317083723
545,"d9a84e1403de8da0c3aa531d6d108ba6",54,53,3,53,0,0.0566037735849057,0,0,10.9,1425.2,0.0926062859676149
546,"ed4311e67debd72b8610a5347a743087",25,25,2,25,0,0.08,0,0,27.34,3636,0.0924824685162239
547,"3bdff180c7e1f6551a643b99c265a120",59,56,3,56,0,0.0535714285714286,0,0,15.56,3114.9,0.0922843854253416
548,"7d456afc660226829370f3173d14520c",56,55,3,55,0,0.0545454545454545,0,0,17.68,8338.25,0.091606365355448
549,"05ff92fedb5be47920fea08e501238b9",59,57,3,57,0,0.0526315789473684,0,0,25.37,21992.78,0.0912818791596774
550,"dc317f341ab0e22f39acbd9dbf9b4a1f",55,55,3,55,0,0.0545454545454545,0,0,69.21,18988.4,0.0910138933788037
551,"17306570e772e7718c92a562d33f5f1d",29,27,2,27,0,0.0740740740740741,0,0,22.03,9669.8,0.0909516088528209
552,"271c58a1d139c45eaf3316107c6d3a3b",29,27,2,27,0,0.0740740740740741,0,0,20.38,3897.52,0.0909516088528209
553,"01cf7e3d21494c41fb86034f2e714fa1",61,59,3,59,0,0.0508474576271186,0,0,19.87,9729.36,0.0904764161535205
554,"6a8a889bde935bafa76d7848782dfaf9",26,26,2,26,0,0.0769230769230769,0,0,12.79,860.82,0.0904637291536397
555,"8090490573c6c0aa343a7231ebcb8c86",26,26,2,26,0,0.0769230769230769,0,0,15.325,3871.12,0.0904637291536397
556,"b8555308bfdb4ca1ed54325a58da9a97",26,26,2,26,0,0.0769230769230769,0,0,20.65,3047.2,0.0904637291536397
557,"ccf8813e5a7d6c84d865cd38bfc2b130",26,26,2,26,0,0.0769230769230769,0,0,14.135,2635.5,0.0904637291536397
558,"f61c63d13f7cd800549d5acdd390ae72",26,26,2,26,0,0.0769230769230769,0,0,14.7,3072.3,0.0904637291536397
559,"f7720c4fa8e3aba4546301ab80ea1f1b",60,59,3,59,0,0.0508474576271186,0,0,17.06,2083.45,0.0899321148468811
560,"1838dd9b8977065acf51d95e0053ea7a",64,62,3,62,0,0.0483870967741935,0,0,16.32,2820.3,0.0894337645208805
561,"ce27a3cc3c8cc1ea79d11e561e9bebb6",135,122,3,122,0,0.0245901639344262,0,0,14.59,10682.65,0.0887629867025322
562,"0c7533c71df861ec58ad7ff999ed0e8d",61,61,3,61,0,0.0491803278688525,0,0,14.19,2989.3,0.0886981444113699
563,"575df70bde3f9f2b30bf8d2e9910d725",27,27,2,27,0,0.0740740740740741,0,0,21.51,5410.05,0.088642155767322
564,"6cd68b3ed6d59aaa9fece558ad360c0a",149,149,3,149,0,0.0201342281879195,0,0,15.17,11188.57,0.087289764461782
565,"b4ffb71f0cb1b1c3d63fad021ecf93e1",144,143,3,143,0,0.020979020979021,0,0,15.21,6656.09,0.087056063255572
566,"e7d5b006eb624f13074497221eb37807",28,28,2,28,0,0.0714285714285714,0,0,15.1,3478.93,0.0869949258475664
567,"94144541854e298c2d976cb893b81343",68,68,3,68,0,0.0441176470588235,0,0,16.12,17286.28,0.0868787141136405
568,"259f7b5e6e482c230e5bfaa670b6bb8f",138,136,3,136,0,0.0220588235294118,0,0,16.63,8526.04,0.0867932565423094
569,"9e6229250fedbe05838fef417b74e7fb",74,73,3,73,0,0.0410958904109589,0,0,21.355,13132.2,0.0864466057243482
570,"9de4643a8dbde634fe55621059d92273",72,72,3,72,0,0.0416666666666667,0,0,18.79,17560.34,0.0861506815510026
571,"ebd2d60905fb58271facef5596b620d3",84,82,3,82,0,0.0365853658536585,0,0,17.815,7941.72,0.085825064644545
572,"3361277dc30b7cccdb0c286b24219756",29,29,2,29,0,0.0689655172413793,0,0,16.71,3905.05,0.0855024815646132
573,"8931a84a914b3fe9b1ddaa4d704947ca",29,29,2,29,0,0.0689655172413793,0,0,14.45,4668.3,0.0855024815646132
574,"8b2492b7ff4468839593fafeed55bad9",29,29,2,29,0,0.0689655172413793,0,0,15.96,3660.08,0.0855024815646132
575,"d4e12e7884759a14fa0f5f896c791cae",29,29,2,29,0,0.0689655172413793,0,0,14.1,1400,0.0855024815646132
576,"e06f09ec0a4aca210779cf1cfc63cf19",29,29,2,29,0,0.0689655172413793,0,0,16.79,5279.49,0.0855024815646132
577,"dfa0c4c6229ab200a4a1336b4d7128ff",77,77,3,77,0,0.038961038961039,0,0,18.35,4777.1,0.0854822968703743
578,"eeb6de78f79159600292e314a77cbd18",83,82,3,82,0,0.0365853658536585,0,0,26,43739.84,0.0854289204612542
579,"17ca9b9e9b9ef8fdb529001b49ebb50f",116,115,3,115,0,0.0260869565217391,0,0,16.86,9754.83,0.0853223972888208
580,"6b243f80ed07b10f0e8aa0f21a205f3c",79,79,3,79,0,0.0379746835443038,0,0,17.06,6260.1,0.0852776674847181
581,"ac3508719a1d8f5b7614b798f70af136",103,101,3,101,0,0.0297029702970297,0,0,23.35,12775.84,0.0852368337170741
582,"aaed1309374718fdd995ee4c58c9dfcd",105,104,3,104,0,0.0288461538461538,0,0,17.93,9376.95,0.0849605115013205
583,"ff063b022a9a0aab91bad2c9088760b7",94,94,3,94,0,0.0319148936170213,0,0,18.74,12076.5,0.0845663714569363
584,"5c243662ce92d84573bfaff24c3e3700",98,98,3,98,0,0.0306122448979592,0,0,17.14,32862.02,0.0845574377387637
585,"2a6fbeaa7ab9e5d59a35841a8da71ce4",30,30,2,30,0,0.0666666666666667,0,0,17.6,1632.79,0.0841479740203625
586,"232a6014e7b10cba61c6c2b2ea6bb4b0",33,32,2,32,0,0.0625,0,0,25.26,3919.87,0.0827956149551257
587,"65febd49fd28ec955651299159b1f527",35,33,2,33,0,0.0606060606060606,0,0,17.93,4319.7,0.082688721837132
588,"240b9776d844d37535668549a396af32",36,35,2,35,0,0.0571428571428571,0,0,19.92,13592.08,0.0799117857282189
589,"63b464dbf392c7b80d12d932fa7cafed",37,36,2,36,0,0.0555555555555556,0,0,17.99,6781,0.0791113514125228
590,"1d4587203296c8f4ad134dc286fa6db0",42,40,2,40,0,0.05,0,0,15.23,2323.3,0.0773232534370267
591,"229c3efbfb0ea2058de4ccdfbc3d784a",121,118,2,118,0,0.0169491525423729,0,0,15.93,15744,0.0769761878651616
592,"ba90964cff9b9e0e6f32b23b82465f7b",38,38,2,38,0,0.0526315789473684,0,0,28.98,44212.5,0.0768619410804498
593,"113e3a788b935f48aad63e1c41dac1bd",39,39,2,39,0,0.0512820512820513,0,0,15.1,847.35,0.0762699279629729
594,"e63e8bfa530fb16910dd6956e592bb81",42,41,2,41,0,0.0487804878048781,0,0,16.79,1311.7,0.0760224404288967
595,"20d83f3ef0e6925fd74bfd59170babf7",40,40,2,40,0,0.05,0,0,14.24,2903.6,0.0757289619932313
596,"83deb69e889cf80f82be1dc6d5f2d486",40,40,2,40,0,0.05,0,0,16.775,5363.01,0.0757289619932313
597,"b56906f7fd1696e043f1bcce164c487b",40,40,2,40,0,0.05,0,0,17.81,2148.49,0.0757289619932313
598,"31344c16881c08a8a72c6d2eb29918c1",43,42,2,42,0,0.0476190476190476,0,0,46.4,9615.7,0.0755531172671921
599,"289cdb325fb7e7f891c38608bf9e0962",110,109,2,109,0,0.018348623853211,0,0,15.93,13544.95,0.0753059903483052
600,"7dc8c42cc750eeafea6c85712ffee9bf",41,41,2,41,0,0.0487804878048781,0,0,19.21,6409.68,0.0752347854338792
601,"b39d7fe263ef469605dbb32608aee0af",44,43,2,43,0,0.0465116279069767,0,0,19.08,5193.1,0.07512412129495
602,"966cb4760537b1404caedd472cc610a5",75,67,2,67,0,0.0298507462686567,0,0,20.21,51286.05,0.0748951532818399
603,"612170e34b97004b3ba37eae81836b4c",107,107,2,107,0,0.0186915887850467,0,0,18.46,23065.02,0.0747546720237593
604,"abcd2cb37d46c2c8fb1bf071c859fc5b",45,44,2,44,0,0.0454545454545455,0,0,25.63,4880.22,0.0747322840487109
605,"b32be1695eb7ec5f10f72d9610a12527",45,44,2,44,0,0.0454545454545455,0,0,64.48,26874,0.0747322840487109
606,"c66dccfb3f109511246da627dd5a2498",45,44,2,44,0,0.0454545454545455,0,0,19.17,12708.55,0.0747322840487109
607,"33a6f4b1e7cdc205511e76ba1b6e0186",105,105,2,105,0,0.019047619047619,0,0,16.53,10295.01,0.0745087410495501
608,"e0a366315b1b726b6c7832d664c0f530",43,43,2,43,0,0.0465116279069767,0,0,16.14,7400.09,0.0743718695743165
609,"f789d2c4f2c2eb38fc4373e7a4b35264",44,44,2,44,0,0.0454545454545455,0,0,18.515,4864.24,0.0739965666790233
610,"6b90f847357d8981edd79a1eb1bf0acb",45,45,2,45,0,0.0444444444444444,0,0,11.62,3322.08,0.0736548429712698
611,"870d0118f7a9d85960f29ad89d5d989a",45,45,2,45,0,0.0444444444444444,0,0,23.93,3157.2,0.0736548429712698
612,"06e5eefc71ec47ae763c5c6f8db7064f",92,90,2,90,0,0.0222222222222222,0,0,18.77,22188.56,0.0735152867419973
613,"381c83fdca332ea6afd896da20bf6e4a",46,46,2,46,0,0.0434782608695652,0,0,19.185,7355.8,0.0733441414157542
614,"6c177e38df6d3f34182b1f1d427231bf",55,53,2,53,0,0.0377358490566038,0,0,16.35,8341.89,0.0730836475240296
615,"91f848e9f4be368f4318775aac733370",63,60,2,60,0,0.0333333333333333,0,0,16.91,5932.6,0.0728574329228421
616,"138dbe45fc62f1e244378131a6801526",49,49,2,49,0,0.0408163265306122,0,0,12.79,1125.56,0.0725759492316121
617,"609e1a9a6c2539919b8205cf7c4e6ff0",87,87,2,87,0,0.0229885057471264,0,0,22.06,6595.23,0.0724828043791521
618,"750303a20e9c56b2a6bc45cdce0b897d",54,53,2,53,0,0.0377358490566038,0,0,21.395,8085,0.0724804998040929
619,"25cf099de44674fde97473224f9d59ab",50,50,2,50,0,0.04,0,0,14.1,1654.36,0.072368069975492
620,"062ce95fa2ad4dfaedfc79260130565f",55,54,2,54,0,0.037037037037037,0,0,18.17,7521,0.0723382480364917
621,"066a6914e1ebf3ea95a216c73a986b91",68,66,2,66,0,0.0303030303030303,0,0,19.915,9410.38,0.072143122907461
622,"8bb48dc19fccaa8613b6229bf7f452a2",82,82,2,82,0,0.024390243902439,0,0,17.6,4190.72,0.0720199018422066
623,"080199a181c46c657dc5aa235411be3b",79,79,2,79,0,0.0253164556962025,0,0,10.07,14504.2,0.0717755577800768
624,"376a891762bbdecbc02b4b6adec3fdda",57,57,2,57,0,0.0350877192982456,0,0,20.19,6406.23,0.0714336153505614
625,"c864036feaab8c1659f65ea4faebe1da",58,58,2,58,0,0.0344827586206897,0,0,25.225,10454.2,0.0713605394816365
626,"c6bda72e4dbf5c5866b13cb1810c6d03",59,59,2,59,0,0.0338983050847458,0,0,16.74,14059.38,0.0712997203728799
627,"30a2f535bb48308f991d0b9ad4a8c4bb",71,71,2,71,0,0.028169014084507,0,0,14.1,4731.3,0.0712914706561507
628,"709e16e2b25c7474d980076c6bfc4806",60,60,2,60,0,0.0333333333333333,0,0,16.325,5151.9,0.0712503822668435
629,"d57e18d5f73c7ccb7f7339b61166898d",61,61,2,61,0,0.0327868852459016,0,0,15.11,3187.7,0.0712118056135557
630,"b92e3c8f9738272ff7c59e111e108d7c",62,62,2,62,0,0.032258064516129,0,0,28.85,8231.09,0.0711833222795798
631,"520b493b57809f446cb0a233bb3e25c7",63,63,2,63,0,0.0317460317460317,0,0,15.1,3698.9,0.0711643112297204
632,"76d64c4aca3a7baf218bf93ef7fa768d",64,64,2,64,0,0.03125,0,0,43.37,16911.8,0.0711541946284074
633,"d566c37fa119d5e66c4e9052e83ee4ea",65,65,2,65,0,0.0307692307692308,0,0,14.71,5145.7,0.0711524343144204
634,"0bae85eb84b9fb3bd773911e89288d54",137,136,1,136,0,0.00735294117647059,0,0,17.92,7482.21,0.0708652929478066
635,"8c16d1f32a54d92897cc437244442e1b",108,108,1,108,0,0.00925925925925926,0,0,15.1,5642.6,0.0650020369329665
636,"530ec6109d11eaaf87999465c6afee01",97,94,1,94,0,0.0106382978723404,0,0,23.75,12983.81,0.0629120558658569
637,"725c32fa80c2faacc4fc88450d27314e",89,89,1,89,0,0.0112359550561798,0,0,14.52,7838.88,0.0606990020294425
638,"744dac408745240a2c2528fb1b6028f3",79,78,1,78,0,0.0128205128205128,0,0,18.18,22490.6,0.0584465520460078
639,"d12c926d74ceff0a90a21184466ce161",78,76,1,76,0,0.0131578947368421,0,0,14.36,3944.18,0.0583853665407018
640,"d921b68bf747894be13a97ae52b0f386",77,77,1,77,0,0.012987012987013,0,0,19.59,15645.8,0.0577766691647466
641,"fc906263ca5083d09dce42fe02247800",114,112,0,112,0,0,0,0,15.1,4497.7,0.0569191616760458
642,"6288c69c4ce638e59925e59193f98b16",22,20,1,20,0,0.05,0,0,14.295,4506.28,0.0563785037885198
643,"cb8bcce248bb1fb274ba762d8b971456",68,66,1,66,0,0.0151515151515152,0,0,14.69,9402.2,0.0559815067458448
644,"822166ed1e47908f7cfb49946d03c726",69,69,1,69,0,0.0144927536231884,0,0,17.92,3714.83,0.0557604733985607
645,"9d5a9018aee56acb367ba9c3f05d1d6a",67,66,1,66,0,0.0151515151515152,0,0,19.41,10292.31,0.0554928295587511
646,"808d4348b916efa08e766ebad39f61eb",21,20,1,20,0,0.05,0,0,15.24,731.1,0.0548905346981987
647,"8ae520247981aa06bc94abddf5f46d34",65,65,1,65,0,0.0153846153846154,0,0,18.79,16320.99,0.054742177904164
648,"7c5b05cbdb5542049f38d90d7815b97d",22,21,1,21,0,0.0476190476190476,0,0,9.17,1038.96,0.0538388212488372
649,"9596c870880d900012f2e8e6e30d06d7",22,21,1,21,0,0.0476190476190476,0,0,27.44,8606.25,0.0538388212488372
650,"1fe5540d7c1c37a595fefbacd5570d9e",20,20,1,20,0,0.05,0,0,19.49,4537.6,0.0533333333333333
651,"542917da124346b47ea1ac79a93ce454",20,20,1,20,0,0.05,0,0,15.79,1303.9,0.0533333333333333
652,"582d4f8675b945722eda7c0cb61ba4c7",59,59,1,59,0,0.0169491525423729,0,0,14.52,4702.96,0.0532206243276822
653,"1b8356dabde1d35e17cef975c3f82730",56,55,1,55,0,0.0181818181818182,0,0,15.95,3426.39,0.0528184865675692
654,"a5cba26a62b8b4d0145b68b841e62e7f",54,53,1,53,0,0.0188679245283019,0,0,18.51,14737.84,0.0523547136405709
655,"412a4720f3e9431b4afa1476a1acddbe",21,21,1,21,0,0.0476190476190476,0,0,15.11,2058.1,0.0523508521585162
656,"af3ef48d0e13835e529c29ac573c63e5",21,21,1,21,0,0.0476190476190476,0,0,23.09,1405.63,0.0523508521585162
657,"2a5b78b41cd05baeac8df54c6606b92c",49,46,1,46,0,0.0217391304347826,0,0,18.95,19025.36,0.0522269400627272
658,"2dee2ce60de9709b1a24083217181a1f",54,54,1,54,0,0.0185185185185185,0,0,38.55,7784.5,0.0519820138968019
659,"974cf2cb8f4b7add98709c30df02fe10",33,30,1,30,0,0.0333333333333333,0,0,16.32,2982.67,0.0516845038440146
660,"2199e7fe213c16213bf5d6a7eadc9a5d",25,24,1,24,0,0.0416666666666667,0,0,18,4078.29,0.051593579627335
661,"093805f8f2aeb63881444571e1f48f30",22,22,1,22,0,0.0454545454545455,0,0,12.27,1215.79,0.0515300189400349
662,"0d33a55da925bbf1ff02af5f6059fc7f",22,22,1,22,0,0.0454545454545455,0,0,13.95,547.3,0.0515300189400349
663,"4200ddf1967c5e41e48db62bc6d4b5ac",22,22,1,22,0,0.0454545454545455,0,0,16.78,734.8,0.0515300189400349
664,"5670f4db5b62c43d542e1b2d56b0cf7c",22,22,1,22,0,0.0454545454545455,0,0,19.335,6630.09,0.0515300189400349
665,"730937bf88cb151eb2eb849f642fc213",22,22,1,22,0,0.0454545454545455,0,0,15.025,2821.2,0.0515300189400349
666,"8fdca8e349553f99bc738833a62c8802",22,22,1,22,0,0.0454545454545455,0,0,14.24,989.34,0.0515300189400349
667,"df56d7b40d437f88407c5f78b63bc328",22,22,1,22,0,0.0454545454545455,0,0,18.22,2791.28,0.0515300189400349
668,"f0837c8d71434931d9e38e7b79234797",22,22,1,22,0,0.0454545454545455,0,0,22.165,3446.9,0.0515300189400349
669,"b1a81260566c1bac3114a6d124413f27",51,51,1,51,0,0.0196078431372549,0,0,22.9,8684.69,0.0512664329713051
670,"0bb738e4d789e63e2267697c42d35a2d",30,28,1,29,0,0.0357142857142857,0,0,17.76,2388.3,0.0511321010044895
671,"58f1a6197ed863543e0136bdedb3fce2",44,42,1,44,0,0.0238095238095238,0,0,19.07,6833,0.0509085435910002
672,"b410bdd36d5db7a65dcd42b7ead933b8",44,42,1,42,0,0.0238095238095238,0,0,22.96,7726.9,0.0509085435910002
673,"83e197e95a1bbabc8c75e883ed016c47",47,46,1,46,0,0.0217391304347826,0,0,18.02,6693.69,0.0508604730760784
674,"efcd8d2104f1a05d028af7bad20d974b",47,46,1,46,0,0.0217391304347826,0,0,15.1,2424.78,0.0508604730760784
675,"10076e5788b8ee532724bcd460baf762",23,23,1,23,0,0.0434782608695652,0,0,15.1,821.48,0.0508466137645039
676,"4b5f66b7adcf57f1ecc0d3c07dd6b177",23,23,1,23,0,0.0434782608695652,0,0,17.63,6381.78,0.0508466137645039
677,"6426d21aca402a131fc0a5d0960a3c90",23,23,1,23,0,0.0434782608695652,0,0,16.11,1209.64,0.0508466137645039
678,"d624126b9206f595fb3fbb6ba03b28a8",23,23,1,23,0,0.0434782608695652,0,0,20.3,7198.8,0.0508466137645039
679,"0ef83d7d83ed97cd2a0049ac8be5f88a",48,48,1,48,0,0.0208333333333333,0,0,16.97,4421.01,0.0505844952489067
680,"4c03b9dd4c11ee2cb35c96c49efc9420",48,48,1,48,0,0.0208333333333333,0,0,16.67,6458.6,0.0505844952489067
681,"0691148aee60ca47977c187804f935ae",47,47,1,47,0,0.0212765957446809,0,0,18.81,5868.51,0.0503671027399698
682,"0885aaf116795758dfeb5f1032487bcd",28,27,1,27,0,0.037037037037037,0,0,12.905,2648,0.0503106224965964
683,"ffc470761de7d0232558ba5e786e57b7",28,27,1,27,0,0.037037037037037,0,0,15.275,1649.01,0.0503106224965964
684,"a3f0b55de503387383c7b1de3ad7f678",24,24,1,24,0,0.0416666666666667,0,0,35.855,4348.4,0.0502807136013943
685,"a938325a4b357fd23a6a4d5bb126408e",24,24,1,24,0,0.0416666666666667,0,0,17.795,3231,0.0502807136013943
686,"cea729054f157f5870bdd321a958d994",24,24,1,24,0,0.0416666666666667,0,0,12.89,2482.1,0.0502807136013943
687,"3d8fa2f5b647373c8620330c4e077a9f",43,42,1,42,0,0.0238095238095238,0,0,16.46,3571.73,0.0501562918703667
688,"817245bcc3badd82bbd222e0366951a6",29,28,1,28,0,0.0357142857142857,0,0,18.93,5580.5,0.0500345012690467
689,"b8bc237ba3788b23da09c0f1f3a3288c",45,45,1,45,0,0.0222222222222222,0,0,46.22,13685.71,0.0499511392675661
690,"bccf933e006e9b94a6184af782963e77",45,45,1,45,0,0.0222222222222222,0,0,17.6,4162.74,0.0499511392675661
691,"c68fb906c8f4b4b946d8386bfa6e5467",45,45,1,45,0,0.0222222222222222,0,0,16.46,4541.16,0.0499511392675661
692,"f680f85bee2d253556ac91be391d2c82",45,45,1,45,0,0.0222222222222222,0,0,15.11,5183.92,0.0499511392675661
693,"1b938a7ec6ac5061a66a3766e0e75f90",30,29,1,29,0,0.0344827586206897,0,0,25.25,3987.6,0.0498184721046537
694,"9616352088dcf83a7c06637f4ebf1c80",92,91,0,91,0,0,0,0,16.18,5703,0.0498115830382936
695,"5a93f3ab0ef4c84ed5e1b5dbf23978bc",39,38,1,38,0,0.0263157894736842,0,0,15.57,2338.25,0.0496392487007147
696,"33a17d60c64393351ebf1ef860f4e0f2",43,43,1,43,0,0.0232558139534884,0,0,24.25,8152.48,0.0495656680239289
697,"3f995f07c49d0d55a99d5c54957f7d81",43,43,1,43,0,0.0232558139534884,0,0,15.51,3955.7,0.0495656680239289
698,"96804ea39d96eb908e7c3afdb671bb9e",38,37,1,37,0,0.027027027027027,0,0,16.87,3610.7,0.0495504190320857
699,"ed4acab38528488b65a9a9c603ff024a",32,31,1,32,0,0.032258064516129,0,0,15.115,12759.45,0.0495382585357693
700,"66dc1b1632bd6a3e508510c5b3492107",37,36,1,36,0,0.0277777777777778,0,0,15.73,3721.39,0.0494817217828931
701,"4bfc7a4a1cf8d4d2121c27422d9e50b5",26,26,1,26,0,0.0384615384615385,0,0,27.085,8124.4,0.0494380881279987
702,"e883aa812c37a7413226856f4579fe91",26,26,1,26,0,0.0384615384615385,0,0,16.76,4097.1,0.0494380881279987
703,"5b67882648febfb6e1225e6ad7164f6b",27,27,1,27,0,0.037037037037037,0,0,16.82,6813.48,0.0491359829278158
704,"5f5b43b2bffa8656e4bc6efeb13cc649",27,27,1,27,0,0.037037037037037,0,0,16.8,3677.2,0.0491359829278158
705,"95ec4458365c4d11f452ccf538377619",27,27,1,27,0,0.037037037037037,0,0,12.58,1866.76,0.0491359829278158
706,"cac876b37d3abcd6bd76caca30277996",27,27,1,27,0,0.037037037037037,0,0,19.75,2229.77,0.0491359829278158
707,"cc3d14116804f7209f3884f6367f1152",27,27,1,27,0,0.037037037037037,0,0,18.6,5477.8,0.0491359829278158
708,"d23019c84ffae2d5ef2270367b8605fc",39,39,1,39,0,0.0256410256410256,0,0,58.93,29205.1,0.0489195006125455
709,"1771297ac436903d1dd6b0e9279aa505",28,28,1,28,0,0.0357142857142857,0,0,19.49,2881.27,0.0488996877523283
710,"6061155addc1e54b4cfb51c1c2a32ad8",28,28,1,28,0,0.0357142857142857,0,0,19.14,15633.4,0.0488996877523283
711,"d379f449f2a3b271bc01c0782020f705",28,28,1,28,0,0.0357142857142857,0,0,33.94,4423.06,0.0488996877523283
712,"7f7b8245c336066a1f9933c359f11d77",38,38,1,38,0,0.0263157894736842,0,0,12.79,2094.36,0.0487917656418533
713,"1464afc72f696af775557a821c2e253f",29,29,1,29,0,0.0344827586206897,0,0,15.1,1059.36,0.0487208723692109
714,"4bf2f4ee540798a61f9636d12cd9cc80",29,29,1,29,0,0.0344827586206897,0,0,15.84,4995.56,0.0487208723692109
715,"4ebdc7e6cd6102a022dadc49156d4ea8",29,29,1,29,0,0.0344827586206897,0,0,10.96,928.7,0.0487208723692109
716,"594f9aaa48e5bf431f011ddc5669b0d5",37,37,1,37,0,0.027027027027027,0,0,17.17,3248.8,0.0486809209820923
717,"02f5837340d7eb4f653d676c7256523a",30,30,1,30,0,0.0333333333333333,0,0,17.16,3883.05,0.048592418464807
718,"3c487ae8f8d7542beff5788e2e0aea83",30,30,1,30,0,0.0333333333333333,0,0,19.735,9385.7,0.048592418464807
719,"c8b3445d737de6befde0c88ede534a5e",30,30,1,30,0,0.0333333333333333,0,0,21.45,3149.04,0.048592418464807
720,"31561f325664a8a7aba4c8d0c3a9b3db",36,36,1,36,0,0.0277777777777778,0,0,15.38,2702.19,0.0485890344054676
721,"3586b8580d9c917874e053a1bb37b5ff",36,36,1,36,0,0.0277777777777778,0,0,17.06,1524.7,0.0485890344054676
722,"bf3c6d2a28b2b5501e6c15448982dcc9",35,35,1,35,0,0.0285714285714286,0,0,17.4,3956.5,0.0485184476668578
723,"fde0cc9ea29c8ccfc0a2c22256a58c71",35,35,1,35,0,0.0285714285714286,0,0,24.82,3922,0.0485184476668578
724,"01fd077212124329bac32490e8ef80d9",31,31,1,31,0,0.032258064516129,0,0,18.23,1208,0.0485082144091483
725,"18e694e0e48ed6f7aa3f24aade5fd697",31,31,1,31,0,0.032258064516129,0,0,12.81,701.54,0.0485082144091483
726,"33576ec5412fb5905d876f12f33bfde6",31,31,1,31,0,0.032258064516129,0,0,15.99,2718,0.0485082144091483
727,"4e06067cc08b3f41d837768d392c3ee3",31,31,1,31,0,0.032258064516129,0,0,15.58,941.72,0.0485082144091483
728,"5d3bb11474a06bdc23fb9e89f1164ee0",31,31,1,31,0,0.032258064516129,0,0,13.21,3654.6,0.0485082144091483
729,"72c5da29406b4234927b81855e7b64f6",31,31,1,31,0,0.032258064516129,0,0,23.4,11798.69,0.0485082144091483
730,"f00e21b1e91a79653163b7fd8f293ff1",31,31,1,31,0,0.032258064516129,0,0,15.25,3900.09,0.0485082144091483
731,"a3dd39f583bc80bd8c5901c95878921e",34,34,1,34,0,0.0294117647058824,0,0,21.545,4607.81,0.048471820111425
732,"3c4e0452bff7a2a788179488d3d77032",32,32,1,32,0,0.03125,0,0,16.46,3746.4,0.048462989718565
733,"6481e96574816ead57975da2c0f6d80d",32,32,1,32,0,0.03125,0,0,18.23,3324.9,0.048462989718565
734,"ea67327e24487bdfac5fbfa37ea124df",32,32,1,32,0,0.03125,0,0,24.135,6250.18,0.048462989718565
735,"fad44952713764836814be105382aee5",32,32,1,32,0,0.03125,0,0,16.01,5129,0.048462989718565
736,"8bd0f31cf0a614c658f6763bd02dea69",33,33,1,33,0,0.0303030303030303,0,0,18.66,4455.34,0.0484521806116914
737,"b839e41795b7f3ad94cc2014a52f6796",33,33,1,33,0,0.0303030303030303,0,0,25.13,42829,0.0484521806116914
738,"cc5a78bbad32776dc4e3af205218368c",33,33,1,33,0,0.0303030303030303,0,0,36.46,4269.18,0.0484521806116914
739,"dfc5fb7259bb2b599ca565e6e9448f0f",33,33,1,33,0,0.0303030303030303,0,0,18.8,6124.63,0.0484521806116914
740,"f3b80352b986ab4d1057a4b724be19d0",87,86,0,86,0,0,0,0,19.79,10505.1,0.0479617315822172
741,"b372ee768ed69e46ca8cdbd267aa7a38",63,63,0,63,0,0,0,0,16.01,12630,0.0373018773672865
742,"57e632711dec9ec14ca7546769483e7e",62,62,0,62,0,0,0,0,15.68,6350.06,0.0367747201290422
743,"e882b2a25a10b9c057cc49695f222c19",57,57,0,57,0,0,0,0,43.35,51057.54,0.0340067147657661
744,"cc63f0dd2acba93ffed4fe9f8e0321fa",55,55,0,55,0,0,0,0,23.3,7096.71,0.0328320751969856
745,"fa1a9dec3a9940c072684a46728bf1fc",55,55,0,55,0,0,0,0,18.47,6674,0.0328320751969856
746,"3504c0cb71d7fa48d967e0e4c94d59d9",53,53,0,53,0,0,0,0,11.73,2349.94,0.0316147122110336
747,"2b3e4a2a3ea8e01938cabda2a3e5cc79",52,52,0,52,0,0,0,0,15.545,23629.15,0.0309890156234139
748,"aae3bfea055532c57fb453ed3ec80b30",48,48,0,48,0,0,0,0,14.61,3057.92,0.0283622730266845
749,"3bb548e3cb7f70f28e3f11ee9dce0e59",46,46,0,46,0,0,0,0,16.57,7690.02,0.0269673298215513
750,"81f89e42267213cb94da7ddc301651da",46,46,0,46,0,0,0,0,13.33,3955,0.0269673298215513
751,"4da0e408c99d2fdc2126dc9fce518060",44,44,0,44,0,0,0,0,17.935,3026,0.0255117181941748
752,"acce39e832338debb07b02385cde5967",44,44,0,44,0,0,0,0,27.2,4748.1,0.0255117181941748
753,"34d1ca11b242c0fee2c834ae8d788566",40,40,0,40,0,0,0,0,20.135,13422.24,0.0223956286598979
754,"6df688df543f90e9b38f4319e75a9d88",40,39,0,39,0,0,0,0,15.13,1949.96,0.0223956286598979
755,"b1ac6ea7895bc3dd6f0f6f4abbdd2821",40,38,0,38,0,0,0,0,18.93,3139,0.0223956286598979
756,"6338ea67c41078a46ad99cc009654956",37,37,0,37,0,0,0,0,19.72,2286.09,0.0198520921532635
757,"325f3178fb58e2a9778334621eecdbf9",36,36,0,36,0,0,0,0,9.18,981.7,0.0189594047758379
758,"5cbbd5a299cab112b7bf23862255e43e",36,36,0,36,0,0,0,0,17.345,2726.06,0.0189594047758379
759,"bba74270a87732727b5a3b4fd9ac1c39",36,35,0,35,0,0,0,0,16.905,6001.59,0.0189594047758379
760,"bd4889b5e9133b35b66e42a8665cea5c",36,36,0,36,0,0,0,0,18.695,6271.9,0.0189594047758379
761,"33ac3e28642ab8bda860a2f693000e78",34,34,0,34,0,0,0,0,14.33,3661.03,0.0170992710918172
762,"b90e891671cffd9557f33a97dc523645",34,34,0,34,0,0,0,0,15.6,4449,0.0170992710918172
763,"48efc9d94a9834137efd9ea76b065a38",33,33,0,33,0,0,0,0,8.72,345.6,0.016128948288459
764,"9baf5cb77970f539089d09a38bcec5c3",32,31,0,31,0,0,0,0,14.74,6129.67,0.0151296563852317
765,"0ebd97a106433a45a4aebe57c1799778",31,31,0,31,0,0,0,0,15.52,3046.8,0.0140996122586106
766,"f67efa3f0b6761102a7f8c6b7b571f5d",31,31,0,31,0,0,0,0,21.26,5188.68,0.0140996122586106
767,"40d54b51e962dbe09cabbcfd33298dee",30,30,0,30,0,0,0,0,13.37,6785.56,0.0130368629092514
768,"94e93ce877be27a515118dbfd2c2be41",30,29,0,29,0,0,0,0,23.61,5674.57,0.0130368629092514
769,"bf00385a5f7fc1ef39a13c2e9ee50a5f",29,28,0,28,0,0,0,0,8.98,870.3,0.0119392631738086
770,"14a08204d03bb6b6bde8029f801ae0eb",28,28,0,28,0,0,0,0,15.23,2185.4,0.0108044496570902
771,"960945e1a9535cbc0cd6ddd35fbe7ae8",28,28,0,28,0,0,0,0,15.28,3381.73,0.0108044496570902
772,"671585f5a2af58b6e276bc01003c0d2b",27,27,0,27,0,0,0,0,17.21,1244,0.00962981008830962
773,"7ade73f1b9b4e965f9009a4c3a7e2c15",27,26,0,26,0,0,0,0,18.23,1880.3,0.00962981008830962
774,"f41ce2e25237f9092cd8e6e7516c7a2f",27,26,0,26,0,0,0,0,11.85,2030.9,0.00962981008830962
775,"3481aa57cd91f9f9d3fa1fa12d9a3bf7",25,25,0,25,0,0,0,0,27.61,1773.03,0.00714913518289057
776,"5debea795b07621e1f90532e18f96145",25,25,0,25,0,0,0,0,15.6,1883.78,0.00714913518289057
777,"916748bc99315c2d202898ae58b1617e",25,25,0,25,0,0,0,0,15.1,369.4,0.00714913518289057
778,"b2a6d334e2833acea353624840e25a0e",25,25,0,25,0,0,0,0,15.79,1650.98,0.00714913518289057
779,"e48b04bf1aa1ef711caebeb7aede6180",25,25,0,25,0,0,0,0,26.89,3187.1,0.00714913518289057
780,"c731d18cea9bf687ffee82a241c25b11",24,24,0,24,0,0,0,0,21.555,3662,0.00583626915694982
781,"013900e863eace745d3ec7614cab5b1a",23,23,0,23,0,0,0,0,16.97,1619.7,0.00446980217030101
782,"42ef3192a9ff87a22d1867b74b3ee205",23,23,0,23,0,0,0,0,12.33,1354.09,0.00446980217030101
783,"5c853bb56f70f4d14218944bae111d7a",23,23,0,23,0,0,0,0,7.39,263.13,0.00446980217030101
784,"79ed755314cfe6df0daef2c6cd3022cd",23,23,0,23,0,0,0,0,17.02,3907.5,0.00446980217030101
785,"7e26c750b4cb9f6766f58265ff9ebe95",23,23,0,23,0,0,0,0,14.52,1344.3,0.00446980217030101
786,"42fa4ee7240e9b8eb4576358ec142ba7",22,22,0,22,0,0,0,0,19.81,3845.7,0.00304517045518645
787,"52f9db5cfb423382a2fa5c9e39303202",22,21,0,21,0,0,0,0,15.98,1269.77,0.00304517045518645
788,"bd697db56ff8e7c9cd1abeb7f72029b2",22,21,0,21,0,0,0,0,16.225,3069.78,0.00304517045518645
789,"d8c7ba53e7e38711eaef8c2849d6d2e1",22,22,0,22,0,0,0,0,19.595,1190.87,0.00304517045518645
790,"e9511df20ccd82658a30c37b7fb343af",22,22,0,22,0,0,0,0,23.275,2096.6,0.00304517045518645
791,"eed78ac17f7f795a19a709745f00cd4e",22,22,0,22,0,0,0,0,29,4349.5,0.00304517045518645
792,"02ecc2a19303f05e59ce133fd923fff7",21,21,0,21,0,0,0,0,18.38,5264.19,0.00155720136486538
793,"3785b653b1b82de85ab47dd139938091",21,21,0,21,0,0,0,0,18.3,1552,0.00155720136486538
794,"55d3daac7c404d59e51c2aa2f4dc5a23",21,21,0,21,0,0,0,0,49.23,4480.6,0.00155720136486538
795,"5bffbafbb22daf6d3bfc216a46db8708",21,21,0,21,0,0,0,0,16.05,5239.7,0.00155720136486538
796,"679769a98cfcc6da877c8486ff1c13f3",21,21,0,21,0,0,0,0,19.67,7029,0.00155720136486538
797,"845e8036c3f7bf62099352f5ed910240",21,21,0,21,0,0,0,0,18.4,1584.6,0.00155720136486538
798,"b347677812ea483b0f528eaf8cbc09b7",21,21,0,21,0,0,0,0,38.99,7288.99,0.00155720136486538
799,"c72de06d72748d1a0dfb2125be43ba63",21,21,0,21,0,0,0,0,54.45,17522,0.00155720136486538
800,"e21a1e8be4715b0fcfd5385643bc49c4",21,20,0,20,0,0,0,0,16.79,703.6,0.00155720136486538
801,"f9244d45189d3a3605499abddeade7d5",21,20,0,20,0,0,0,0,38.97,15731.43,0.00155720136486538
802,"41c2bad7229b0c25e6becf179ebf63ff",20,20,0,20,0,0,0,0,8.27,782,0
803,"8ab42aa58097fd4668d60cc648225d5f",20,20,0,20,0,0,0,0,23.495,2616.75,0
804,"bf100ecb7997df312b285358fb32f92c",20,20,0,20,0,0,0,0,18.15,1991.9,0
